SMILES,Formula,Status,MW (g/mol),LogP,TPSA (Å²),HBD,HBA,Rotatable Bonds,ESOL LogS,ESOL Class,GI Absorption,BBB Permeability,Safety Risk Level,Ames Alert,hERG Alert,PAINS Alerts,Brenk Alerts,In AD
Brc1cccc2ccccc12,C10H7Br,SUCCESS,207.07,3.6,0.0,0,0,0,-3.333,Moderately Soluble,High,High (CNS+),Low,False,False,0,0,True
Brc1ccccc1,C6H5Br,SUCCESS,157.01,2.45,0.0,0,0,0,-2.3,Soluble,High,High (CNS+),Low,False,False,0,0,True
Brc1ccccn1,C5H4BrN,SUCCESS,158.0,1.84,12.89,0,1,0,-1.925,Soluble,High,High (CNS+),Moderate,False,False,0,1,True
Brc1cccnc1,C5H4BrN,SUCCESS,158.0,1.84,12.89,0,1,0,-1.925,Soluble,High,High (CNS+),Low,False,False,0,0,True
CCCCCCc1cccc2ccccc12,C16H20,SUCCESS,212.34,4.96,0.0,0,0,5,-4.273,Moderately Soluble,High,High (CNS+),Moderate,False,False,0,1,True
CCCCCCc1ccccc1,C12H18,SUCCESS,162.28,3.81,0.0,0,0,5,-3.245,Moderately Soluble,High,High (CNS+),Moderate,False,False,0,1,True
CCCCCCc1ccccn1,C11H17N,SUCCESS,163.26,3.2,12.89,0,1,5,-2.87,Soluble,High,High (CNS+),Moderate,False,False,0,1,True
CCCCCCc1cccnc1,C11H17N,SUCCESS,163.26,3.2,12.89,0,1,5,-2.87,Soluble,High,High (CNS+),Moderate,False,False,0,1,True
CCCCCc1cccc2ccccc12,C15H18,SUCCESS,198.31,4.57,0.0,0,0,4,-3.931,Moderately Soluble,High,High (CNS+),Moderate,False,False,0,1,True
CCCCCc1ccccc1,C11H16,SUCCESS,148.25,3.42,0.0,0,0,4,-2.903,Soluble,High,High (CNS+),Moderate,False,False,0,1,True
CCCCCc1ccccn1,C10H15N,SUCCESS,149.24,2.81,12.89,0,1,4,-2.527,Soluble,High,High (CNS+),Moderate,False,False,0,1,True
CCCCCc1cccnc1,C10H15N,SUCCESS,149.24,2.81,12.89,0,1,4,-2.527,Soluble,High,High (CNS+),Moderate,False,False,0,1,True
CCCCOc1cccc2ccccc12,C14H16O,SUCCESS,200.28,4.02,9.23,0,1,4,-3.595,Moderately Soluble,High,High (CNS+),Moderate,False,False,0,1,True
CCCCOc1ccccc1,C10H14O,SUCCESS,150.22,2.87,9.23,0,1,4,-2.566,Soluble,High,High (CNS+),Moderate,False,False,0,1,True
CCCCOc1ccccn1,C9H13NO,SUCCESS,151.21,2.26,22.12,0,2,4,-2.191,Soluble,High,High (CNS+),Moderate,False,False,0,1,True
CCCCOc1cccnc1,C9H13NO,SUCCESS,151.21,2.26,22.12,0,2,4,-2.191,Soluble,High,High (CNS+),Moderate,False,False,0,1,True
CCCCc1cccc2ccccc12,C14H16,SUCCESS,184.28,4.18,0.0,0,0,3,-3.589,Moderately Soluble,High,High (CNS+),Low,False,False,0,0,True
CCCCc1ccccc1,C10H14,SUCCESS,134.22,3.03,0.0,0,0,3,-2.56,Soluble,High,High (CNS+),Low,False,False,0,0,True
CCCCc1ccccn1,C9H13N,SUCCESS,135.21,2.42,12.89,0,1,3,-2.185,Soluble,High,High (CNS+),Low,False,False,0,0,True
CCCCc1cccnc1,C9H13N,SUCCESS,135.21,2.42,12.89,0,1,3,-2.185,Soluble,High,High (CNS+),Low,False,False,0,0,True
CCCNC(=O)c1cccc2ccccc12,C14H15NO,SUCCESS,213.28,2.98,29.1,1,1,3,-3.017,Moderately Soluble,High,High (CNS+),Moderate,False,True,0,0,True
CCCNC(=O)c1ccccc1,C10H13NO,SUCCESS,163.22,1.83,29.1,1,1,3,-1.988,Soluble,High,High (CNS+),Moderate,False,True,0,0,True
CCCNC(=O)c1ccccn1,C9H12N2O,SUCCESS,164.21,1.22,41.99,1,2,3,-1.613,Soluble,High,High (CNS+),Low,False,False,0,0,True
CCCNC(=O)c1cccnc1,C9H12N2O,SUCCESS,164.21,1.22,41.99,1,2,3,-1.613,Soluble,High,High (CNS+),Low,False,False,0,0,True
CCCNCc1cccc2ccccc12,C14H17N,SUCCESS,199.3,3.34,12.03,1,1,4,-3.161,Moderately Soluble,High,High (CNS+),Moderate,False,True,0,1,True
CCCNCc1ccccc1,C10H15N,SUCCESS,149.24,2.19,12.03,1,1,4,-2.132,Soluble,High,High (CNS+),Moderate,False,True,0,1,True
CCCNCc1ccccn1,C9H14N2,SUCCESS,150.22,1.58,24.92,1,2,4,-1.757,Soluble,High,High (CNS+),Moderate,False,False,0,1,True
CCCNCc1cccnc1,C9H14N2,SUCCESS,150.22,1.58,24.92,1,2,4,-1.757,Soluble,High,High (CNS+),Moderate,False,False,0,1,True
CCCNc1cccc2ccccc12,C13H15N,SUCCESS,185.27,3.66,12.03,1,1,3,-3.267,Moderately Soluble,High,High (CNS+),Moderate,True,False,0,0,True
CCCNc1ccccc1,C9H13N,SUCCESS,135.21,2.51,12.03,1,1,3,-2.238,Soluble,High,High (CNS+),Moderate,True,False,0,0,True
CCCNc1ccccn1,C8H12N2,SUCCESS,136.2,1.9,24.92,1,2,3,-1.863,Soluble,High,High (CNS+),Low,False,False,0,0,True
CCCNc1cccnc1,C8H12N2,SUCCESS,136.2,1.9,24.92,1,2,3,-1.863,Soluble,High,High (CNS+),Low,False,False,0,0,True
CCCOC(=O)c1cccc2ccccc12,C14H14O2,SUCCESS,214.26,3.41,26.3,0,2,3,-3.292,Moderately Soluble,High,High (CNS+),Low,False,False,0,0,True
CCCOC(=O)c1ccccc1,C10H12O2,SUCCESS,164.2,2.25,26.3,0,2,3,-2.264,Soluble,High,High (CNS+),Low,False,False,0,0,True
CCCOC(=O)c1ccccn1,C9H11NO2,SUCCESS,165.19,1.65,39.19,0,3,3,-1.889,Soluble,High,High (CNS+),Low,False,False,0,0,True
CCCOC(=O)c1cccnc1,C9H11NO2,SUCCESS,165.19,1.65,39.19,0,3,3,-1.889,Soluble,High,High (CNS+),Low,False,False,0,0,True
CCCOCCc1cccc2ccccc12,C15H18O,SUCCESS,214.31,3.81,9.23,0,1,5,-3.559,Moderately Soluble,High,High (CNS+),Moderate,False,False,0,1,True
CCCOCCc1ccccc1,C11H16O,SUCCESS,164.25,2.66,9.23,0,1,5,-2.53,Soluble,High,High (CNS+),Moderate,False,False,0,1,True
CCCOCCc1ccccn1,C10H15NO,SUCCESS,165.24,2.05,22.12,0,2,5,-2.155,Soluble,High,High (CNS+),Moderate,False,False,0,1,True
CCCOCCc1cccnc1,C10H15NO,SUCCESS,165.24,2.05,22.12,0,2,5,-2.155,Soluble,High,High (CNS+),Moderate,False,False,0,1,True
CCCOc1cccc2ccccc12,C13H14O,SUCCESS,186.25,3.63,9.23,0,1,3,-3.253,Moderately Soluble,High,High (CNS+),Low,False,False,0,0,True
CCCOc1ccccc1,C9H12O,SUCCESS,136.19,2.48,9.23,0,1,3,-2.223,Soluble,High,High (CNS+),Low,False,False,0,0,True
CCCOc1ccccn1,C8H11NO,SUCCESS,137.18,1.87,22.12,0,2,3,-1.848,Soluble,High,High (CNS+),Low,False,False,0,0,True
CCCOc1cccnc1,C8H11NO,SUCCESS,137.18,1.87,22.12,0,2,3,-1.848,Soluble,High,High (CNS+),Low,False,False,0,0,True
CCCSc1cccc2ccccc12,C13H14S,SUCCESS,202.32,4.34,0.0,0,1,3,-3.802,Moderately Soluble,High,High (CNS+),Low,False,False,0,0,True
CCCSc1ccccc1,C9H12S,SUCCESS,152.26,3.19,0.0,0,1,3,-2.772,Soluble,High,High (CNS+),Low,False,False,0,0,True
CCCSc1ccccn1,C8H11NS,SUCCESS,153.25,2.58,12.89,0,2,3,-2.397,Soluble,High,High (CNS+),Low,False,False,0,0,True
CCCSc1cccnc1,C8H11NS,SUCCESS,153.25,2.58,12.89,0,2,3,-2.397,Soluble,High,High (CNS+),Low,False,False,0,0,True
CCCc1cccc2ccccc12,C13H14,SUCCESS,170.25,3.79,0.0,0,0,2,-3.247,Moderately Soluble,High,High (CNS+),Low,False,False,0,0,True
CCCc1ccccc1,C9H12,SUCCESS,120.19,2.64,0.0,0,0,2,-2.216,Soluble,High,High (CNS+),Low,False,False,0,0,True
CCCc1ccccn1,C8H11N,SUCCESS,121.18,2.03,12.89,0,1,2,-1.841,Soluble,High,High (CNS+),Low,False,False,0,0,True
CCCc1cccnc1,C8H11N,SUCCESS,121.18,2.03,12.89,0,1,2,-1.841,Soluble,High,High (CNS+),Low,False,False,0,0,True
CCNC(=O)c1cccc2ccccc12,C13H13NO,SUCCESS,199.25,2.59,29.1,1,1,2,-2.675,Soluble,High,High (CNS+),Moderate,False,True,0,0,True
CCNC(=O)c1ccccc1,C9H11NO,SUCCESS,149.19,1.44,29.1,1,1,2,-1.646,Soluble,High,High (CNS+),Moderate,False,True,0,0,True
CCNC(=O)c1ccccn1,C8H10N2O,SUCCESS,150.18,0.83,41.99,1,2,2,-1.271,Soluble,High,High (CNS+),Low,False,False,0,0,True
CCNC(=O)c1cccnc1,C8H10N2O,SUCCESS,150.18,0.83,41.99,1,2,2,-1.271,Soluble,High,High (CNS+),Low,False,False,0,0,True
CCNCc1cccc2ccccc12,C13H15N,SUCCESS,185.27,2.95,12.03,1,1,3,-2.818,Soluble,High,High (CNS+),Moderate,False,True,0,0,True
CCNCc1ccccc1,C9H13N,SUCCESS,135.21,1.8,12.03,1,1,3,-1.789,Soluble,High,High (CNS+),Moderate,False,True,0,0,True
CCNCc1ccccn1,C8H12N2,SUCCESS,136.2,1.19,24.92,1,2,3,-1.414,Soluble,High,High (CNS+),Low,False,False,0,0,True
CCNCc1cccnc1,C8H12N2,SUCCESS,136.2,1.19,24.92,1,2,3,-1.414,Soluble,High,High (CNS+),Low,False,False,0,0,True
CCNc1cccc2ccccc12,C12H13N,SUCCESS,171.24,3.27,12.03,1,1,2,-2.925,Soluble,High,High (CNS+),Moderate,True,False,0,0,True
CCNc1ccccc1,C8H11N,SUCCESS,121.18,2.12,12.03,1,1,2,-1.895,Soluble,High,High (CNS+),Moderate,True,False,0,0,True
CCNc1ccccn1,C7H10N2,SUCCESS,122.17,1.51,24.92,1,2,2,-1.52,Soluble,High,High (CNS+),Low,False,False,0,0,True
CCNc1cccnc1,C7H10N2,SUCCESS,122.17,1.51,24.92,1,2,2,-1.52,Soluble,High,High (CNS+),Low,False,False,0,0,True
CCOC(=O)c1cccc2ccccc12,C13H12O2,SUCCESS,200.24,3.02,26.3,0,2,2,-2.95,Soluble,High,High (CNS+),Low,False,False,0,0,True
CCOC(=O)c1ccccc1,C9H10O2,SUCCESS,150.18,1.86,26.3,0,2,2,-1.922,Soluble,High,High (CNS+),Low,False,False,0,0,True
CCOC(=O)c1ccccn1,C8H9NO2,SUCCESS,151.16,1.26,39.19,0,3,2,-1.547,Soluble,High,High (CNS+),Low,False,False,0,0,True
CCOC(=O)c1cccnc1,C8H9NO2,SUCCESS,151.16,1.26,39.19,0,3,2,-1.547,Soluble,High,High (CNS+),Low,False,False,0,0,True
CCOCCc1cccc2ccccc12,C14H16O,SUCCESS,200.28,3.42,9.23,0,1,4,-3.217,Moderately Soluble,High,High (CNS+),Moderate,False,False,0,1,True
CCOCCc1ccccc1,C10H14O,SUCCESS,150.22,2.27,9.23,0,1,4,-2.188,Soluble,High,High (CNS+),Moderate,False,False,0,1,True
CCOCCc1ccccn1,C9H13NO,SUCCESS,151.21,1.66,22.12,0,2,4,-1.813,Soluble,High,High (CNS+),Moderate,False,False,0,1,True
CCOCCc1cccnc1,C9H13NO,SUCCESS,151.21,1.66,22.12,0,2,4,-1.813,Soluble,High,High (CNS+),Moderate,False,False,0,1,True
CCOc1cccc2ccccc12,C12H12O,SUCCESS,172.23,3.24,9.23,0,1,2,-2.91,Soluble,High,High (CNS+),Low,False,False,0,0,True
CCOc1ccccc1,C8H10O,SUCCESS,122.17,2.09,9.23,0,1,2,-1.88,Soluble,High,High (CNS+),Low,False,False,0,0,True
CCOc1ccccn1,C7H9NO,SUCCESS,123.15,1.48,22.12,0,2,2,-1.505,Soluble,High,High (CNS+),Low,False,False,0,0,True
CCOc1cccnc1,C7H9NO,SUCCESS,123.15,1.48,22.12,0,2,2,-1.505,Soluble,High,High (CNS+),Low,False,False,0,0,True
CCSc1cccc2ccccc12,C12H12S,SUCCESS,188.29,3.95,0.0,0,1,2,-3.459,Moderately Soluble,High,High (CNS+),Low,False,False,0,0,True
CCSc1ccccc1,C8H10S,SUCCESS,138.23,2.8,0.0,0,1,2,-2.429,Soluble,High,High (CNS+),Low,False,False,0,0,True
CCSc1ccccn1,C7H9NS,SUCCESS,139.22,2.19,12.89,0,2,2,-2.054,Soluble,High,High (CNS+),Low,False,False,0,0,True
CCSc1cccnc1,C7H9NS,SUCCESS,139.22,2.19,12.89,0,2,2,-2.054,Soluble,High,High (CNS+),Low,False,False,0,0,True
CCc1cccc2ccccc12,C12H12,SUCCESS,156.23,3.4,0.0,0,0,1,-2.903,Soluble,High,High (CNS+),Low,False,False,0,0,True
CCc1ccccc1,C8H10,SUCCESS,106.17,2.25,0.0,0,0,1,-1.872,Soluble,High,High (CNS+),Low,False,False,0,0,True
CCc1ccccn1,C7H9N,SUCCESS,107.16,1.64,12.89,0,1,1,-1.497,Soluble,High,High (CNS+),Low,False,False,0,0,True
CCc1cccnc1,C7H9N,SUCCESS,107.16,1.64,12.89,0,1,1,-1.497,Soluble,High,High (CNS+),Low,False,False,0,0,True
CNC(=O)c1cccc2ccccc12,C12H11NO,SUCCESS,185.23,2.2,29.1,1,1,1,-2.333,Soluble,High,High (CNS+),Moderate,False,True,0,0,True
CNC(=O)c1ccccc1,C8H9NO,SUCCESS,135.17,1.05,29.1,1,1,1,-1.304,Soluble,High,High (CNS+),Moderate,False,True,0,0,True
CNC(=O)c1ccccn1,C7H8N2O,SUCCESS,136.15,0.44,41.99,1,2,1,-0.929,Highly Soluble,High,High (CNS+),Low,False,False,0,0,True
CNC(=O)c1cccnc1,C7H8N2O,SUCCESS,136.15,0.44,41.99,1,2,1,-0.929,Highly Soluble,High,High (CNS+),Low,False,False,0,0,True
CNCCCc1cccc2ccccc12,C14H17N,SUCCESS,199.3,2.99,12.03,1,1,4,-2.942,Soluble,High,High (CNS+),Moderate,False,False,0,1,True
CNCCCc1ccccc1,C10H15N,SUCCESS,149.24,1.84,12.03,1,1,4,-1.913,Soluble,High,High (CNS+),Moderate,False,False,0,1,True
CNCCCc1ccccn1,C9H14N2,SUCCESS,150.22,1.23,24.92,1,2,4,-1.538,Soluble,High,High (CNS+),Moderate,False,False,0,1,True
CNCCCc1cccnc1,C9H14N2,SUCCESS,150.22,1.23,24.92,1,2,4,-1.538,Soluble,High,High (CNS+),Moderate,False,False,0,1,True
CNCCc1cccc2ccccc12,C13H15N,SUCCESS,185.27,2.6,12.03,1,1,3,-2.6,Soluble,High,High (CNS+),Low,False,False,0,0,True
CNCCc1ccccc1,C9H13N,SUCCESS,135.21,1.45,12.03,1,1,3,-1.57,Soluble,High,High (CNS+),Low,False,False,0,0,True
CNCCc1ccccn1,C8H12N2,SUCCESS,136.2,0.84,24.92,1,2,3,-1.195,Soluble,High,High (CNS+),Low,False,False,0,0,True
CNCCc1cccnc1,C8H12N2,SUCCESS,136.2,0.84,24.92,1,2,3,-1.195,Soluble,High,High (CNS+),Low,False,False,0,0,True
CNCOc1cccc2ccccc12,C12H13NO,SUCCESS,187.24,2.4,21.26,1,2,3,-2.482,Soluble,High,High (CNS+),Moderate,False,False,0,1,True
CNCOc1ccccc1,C8H11NO,SUCCESS,137.18,1.24,21.26,1,2,3,-1.452,Soluble,High,High (CNS+),Moderate,False,False,0,1,True
CNCOc1ccccn1,C7H10N2O,SUCCESS,138.17,0.64,34.15,1,3,3,-1.077,Soluble,High,High (CNS+),Moderate,False,False,0,1,True
CNCOc1cccnc1,C7H10N2O,SUCCESS,138.17,0.64,34.15,1,3,3,-1.077,Soluble,High,High (CNS+),Moderate,False,False,0,1,True
CNCc1cccc2ccccc12,C12H13N,SUCCESS,171.24,2.56,12.03,1,1,2,-2.476,Soluble,High,High (CNS+),Moderate,False,True,0,0,True
CNCc1ccccc1,C8H11N,SUCCESS,121.18,1.41,12.03,1,1,2,-1.446,Soluble,High,High (CNS+),Moderate,False,True,0,0,True
CNCc1ccccn1,C7H10N2,SUCCESS,122.17,0.8,24.92,1,2,2,-1.071,Soluble,High,High (CNS+),Low,False,False,0,0,True
CNCc1cccnc1,C7H10N2,SUCCESS,122.17,0.8,24.92,1,2,2,-1.071,Soluble,High,High (CNS+),Low,False,False,0,0,True
CNNC(=O)c1cccc2ccccc12,C12H12N2O,SUCCESS,200.24,1.7,41.13,2,2,2,-2.124,Soluble,High,High (CNS+),High,True,True,0,1,True
CNNC(=O)c1ccccc1,C8H10N2O,SUCCESS,150.18,0.55,41.13,2,2,2,-1.095,Soluble,High,High (CNS+),High,True,True,0,1,True
CNNC(=O)c1ccccn1,C7H9N3O,SUCCESS,151.17,-0.05,54.02,2,3,2,-0.72,Highly Soluble,High,High (CNS+),Moderate,True,False,0,1,True
CNNC(=O)c1cccnc1,C7H9N3O,SUCCESS,151.17,-0.05,54.02,2,3,2,-0.72,Highly Soluble,High,High (CNS+),Moderate,True,False,0,1,True
CNNCc1cccc2ccccc12,C12H14N2,SUCCESS,186.26,2.06,24.06,2,2,3,-2.267,Soluble,High,High (CNS+),High,True,True,0,1,True
CNNCc1ccccc1,C8H12N2,SUCCESS,136.2,0.91,24.06,2,2,3,-1.237,Soluble,High,High (CNS+),High,True,True,0,1,True
CNNCc1ccccn1,C7H11N3,SUCCESS,137.19,0.31,36.95,2,3,3,-0.862,Highly Soluble,High,High (CNS+),Moderate,True,False,0,1,True
CNNCc1cccnc1,C7H11N3,SUCCESS,137.19,0.31,36.95,2,3,3,-0.862,Highly Soluble,High,High (CNS+),Moderate,True,False,0,1,True
CNNc1cccc2ccccc12,C11H12N2,SUCCESS,172.23,2.39,24.06,2,2,2,-2.373,Soluble,High,High (CNS+),High,True,False,0,1,True
CNNc1ccccc1,C7H10N2,SUCCESS,122.17,1.23,24.06,2,2,2,-1.343,Soluble,High,High (CNS+),High,True,False,0,1,True
CNNc1ccccn1,C6H9N3,SUCCESS,123.16,0.63,36.95,2,3,2,-0.968,Highly Soluble,High,High (CNS+),Moderate,True,False,0,1,True
CNNc1cccnc1,C6H9N3,SUCCESS,123.16,0.63,36.95,2,3,2,-0.968,Highly Soluble,High,High (CNS+),Moderate,True,False,0,1,True
CNOC(=O)c1cccc2ccccc12,C12H11NO2,SUCCESS,201.22,2.13,38.33,1,3,2,-2.399,Soluble,High,High (CNS+),Moderate,False,False,0,1,True
CNOC(=O)c1ccccc1,C8H9NO2,SUCCESS,151.16,0.98,38.33,1,3,2,-1.37,Soluble,High,High (CNS+),Moderate,False,False,0,1,True
CNOC(=O)c1ccccn1,C7H8N2O2,SUCCESS,152.15,0.37,51.22,1,4,2,-0.995,Highly Soluble,High,High (CNS+),Moderate,False,False,0,1,True
CNOC(=O)c1cccnc1,C7H8N2O2,SUCCESS,152.15,0.37,51.22,1,4,2,-0.995,Highly Soluble,High,High (CNS+),Moderate,False,False,0,1,True
CNOCCc1cccc2ccccc12,C13H15NO,SUCCESS,201.27,2.53,21.26,1,2,4,-2.665,Soluble,High,High (CNS+),Moderate,False,False,0,2,True
CNOCCc1ccccc1,C9H13NO,SUCCESS,151.21,1.38,21.26,1,2,4,-1.636,Soluble,High,High (CNS+),Moderate,False,False,0,2,True
CNOCCc1ccccn1,C8H12N2O,SUCCESS,152.2,0.78,34.15,1,3,4,-1.261,Soluble,High,High (CNS+),Moderate,False,False,0,2,True
CNOCCc1cccnc1,C8H12N2O,SUCCESS,152.2,0.78,34.15,1,3,4,-1.261,Soluble,High,High (CNS+),Moderate,False,False,0,2,True
CNSc1cccc2ccccc12,C11H11NS,SUCCESS,189.28,3.07,12.03,1,2,2,-2.907,Soluble,High,High (CNS+),Moderate,False,False,0,1,True
CNSc1ccccc1,C7H9NS,SUCCESS,139.22,1.91,12.03,1,2,2,-1.877,Soluble,High,High (CNS+),Moderate,False,False,0,1,True
CNSc1ccccn1,C6H8N2S,SUCCESS,140.21,1.31,24.92,1,3,2,-1.502,Soluble,High,High (CNS+),Moderate,False,False,0,1,True
CNSc1cccnc1,C6H8N2S,SUCCESS,140.21,1.31,24.92,1,3,2,-1.502,Soluble,High,High (CNS+),Moderate,False,False,0,1,True
CNc1cccc2ccccc12,C11H11N,SUCCESS,157.22,2.88,12.03,1,1,1,-2.581,Soluble,High,High (CNS+),Moderate,True,False,0,0,True
CNc1ccccc1,C7H9N,SUCCESS,107.16,1.73,12.03,1,1,1,-1.55,Soluble,High,High (CNS+),Moderate,True,False,0,0,True
CNc1ccccn1,C6H8N2,SUCCESS,108.14,1.12,24.92,1,2,1,-1.175,Soluble,High,High (CNS+),Low,False,False,0,0,True
CNc1cccnc1,C6H8N2,SUCCESS,108.14,1.12,24.92,1,2,1,-1.175,Soluble,High,High (CNS+),Low,False,False,0,0,True
COC(=O)c1cccc2ccccc12,C12H10O2,SUCCESS,186.21,2.63,26.3,0,2,1,-2.608,Soluble,High,High (CNS+),Low,False,False,0,0,True
COC(=O)c1ccccc1,C8H8O2,SUCCESS,136.15,1.47,26.3,0,2,1,-1.579,Soluble,High,High (CNS+),Low,False,False,0,0,True
COC(=O)c1ccccn1,C7H7NO2,SUCCESS,137.14,0.87,39.19,0,3,1,-1.204,Soluble,High,High (CNS+),Low,False,False,0,0,True
COC(=O)c1cccnc1,C7H7NO2,SUCCESS,137.14,0.87,39.19,0,3,1,-1.204,Soluble,High,High (CNS+),Low,False,False,0,0,True
COCCCc1cccc2ccccc12,C14H16O,SUCCESS,200.28,3.42,9.23,0,1,4,-3.217,Moderately Soluble,High,High (CNS+),Moderate,False,False,0,1,True
COCCCc1ccccc1,C10H14O,SUCCESS,150.22,2.27,9.23,0,1,4,-2.188,Soluble,High,High (CNS+),Moderate,False,False,0,1,True
COCCCc1ccccn1,C9H13NO,SUCCESS,151.21,1.66,22.12,0,2,4,-1.813,Soluble,High,High (CNS+),Moderate,False,False,0,1,True
COCCCc1cccnc1,C9H13NO,SUCCESS,151.21,1.66,22.12,0,2,4,-1.813,Soluble,High,High (CNS+),Moderate,False,False,0,1,True
COCCc1cccc2ccccc12,C13H14O,SUCCESS,186.25,3.03,9.23,0,1,3,-2.875,Soluble,High,High (CNS+),Low,False,False,0,0,True
COCCc1ccccc1,C9H12O,SUCCESS,136.19,1.88,9.23,0,1,3,-1.845,Soluble,High,High (CNS+),Low,False,False,0,0,True
COCCc1ccccn1,C8H11NO,SUCCESS,137.18,1.27,22.12,0,2,3,-1.47,Soluble,High,High (CNS+),Low,False,False,0,0,True
COCCc1cccnc1,C8H11NO,SUCCESS,137.18,1.27,22.12,0,2,3,-1.47,Soluble,High,High (CNS+),Low,False,False,0,0,True
COCOc1cccc2ccccc12,C12H12O2,SUCCESS,188.23,2.82,18.46,0,2,3,-2.757,Soluble,High,High (CNS+),Moderate,False,False,0,1,True
COCOc1ccccc1,C8H10O2,SUCCESS,138.17,1.67,18.46,0,2,3,-1.728,Soluble,High,High (CNS+),Moderate,False,False,0,1,True
COCOc1ccccn1,C7H9NO2,SUCCESS,139.15,1.06,31.35,0,3,3,-1.353,Soluble,High,High (CNS+),Moderate,False,False,0,1,True
COCOc1cccnc1,C7H9NO2,SUCCESS,139.15,1.06,31.35,0,3,3,-1.353,Soluble,High,High (CNS+),Moderate,False,False,0,1,True
COCc1cccc2ccccc12,C12H12O,SUCCESS,172.23,2.99,9.23,0,1,2,-2.751,Soluble,High,High (CNS+),Low,False,False,0,0,True
COCc1ccccc1,C8H10O,SUCCESS,122.17,1.83,9.23,0,1,2,-1.721,Soluble,High,High (CNS+),Low,False,False,0,0,True
COCc1ccccn1,C7H9NO,SUCCESS,123.15,1.23,22.12,0,2,2,-1.346,Soluble,High,High (CNS+),Low,False,False,0,0,True
COCc1cccnc1,C7H9NO,SUCCESS,123.15,1.23,22.12,0,2,2,-1.346,Soluble,High,High (CNS+),Low,False,False,0,0,True
CONC(=O)c1cccc2ccccc12,C12H11NO2,SUCCESS,201.22,2.13,38.33,1,2,2,-2.399,Soluble,High,High (CNS+),Moderate,False,True,0,1,True
CONC(=O)c1ccccc1,C8H9NO2,SUCCESS,151.16,0.98,38.33,1,2,2,-1.37,Soluble,High,High (CNS+),Moderate,False,True,0,1,True
CONC(=O)c1ccccn1,C7H8N2O2,SUCCESS,152.15,0.37,51.22,1,3,2,-0.995,Highly Soluble,High,High (CNS+),Moderate,False,False,0,1,True
CONC(=O)c1cccnc1,C7H8N2O2,SUCCESS,152.15,0.37,51.22,1,3,2,-0.995,Highly Soluble,High,High (CNS+),Moderate,False,False,0,1,True
CONCc1cccc2ccccc12,C12H13NO,SUCCESS,187.24,2.49,21.26,1,2,3,-2.542,Soluble,High,High (CNS+),Moderate,False,True,0,1,True
CONCc1ccccc1,C8H11NO,SUCCESS,137.18,1.34,21.26,1,2,3,-1.513,Soluble,High,High (CNS+),Moderate,False,True,0,1,True
CONCc1ccccn1,C7H10N2O,SUCCESS,138.17,0.73,34.15,1,3,3,-1.137,Soluble,High,High (CNS+),Moderate,False,False,0,1,True
CONCc1cccnc1,C7H10N2O,SUCCESS,138.17,0.73,34.15,1,3,3,-1.137,Soluble,High,High (CNS+),Moderate,False,False,0,1,True
CONc1cccc2ccccc12,C11H11NO,SUCCESS,173.21,2.81,21.26,1,2,2,-2.648,Soluble,High,High (CNS+),Moderate,True,False,0,1,True
CONc1ccccc1,C7H9NO,SUCCESS,123.15,1.66,21.26,1,2,2,-1.618,Soluble,High,High (CNS+),Moderate,True,False,0,1,True
CONc1ccccn1,C6H8N2O,SUCCESS,124.14,1.05,34.15,1,3,2,-1.243,Soluble,High,High (CNS+),Moderate,False,False,0,1,True
CONc1cccnc1,C6H8N2O,SUCCESS,124.14,1.05,34.15,1,3,2,-1.243,Soluble,High,High (CNS+),Moderate,False,False,0,1,True
COOC(=O)c1cccc2ccccc12,C12H10O3,SUCCESS,202.21,2.56,35.53,0,3,2,-2.674,Soluble,High,High (CNS+),High,False,False,0,2,True
COOC(=O)c1ccccc1,C8H8O3,SUCCESS,152.15,1.4,35.53,0,3,2,-1.645,Soluble,High,High (CNS+),High,False,False,0,2,True
COOC(=O)c1ccccn1,C7H7NO3,SUCCESS,153.14,0.8,48.42,0,4,2,-1.27,Soluble,High,High (CNS+),High,False,False,0,2,True
COOC(=O)c1cccnc1,C7H7NO3,SUCCESS,153.14,0.8,48.42,0,4,2,-1.27,Soluble,High,High (CNS+),High,False,False,0,2,True
COOCCc1cccc2ccccc12,C13H14O2,SUCCESS,202.25,2.96,18.46,0,2,4,-2.94,Soluble,High,High (CNS+),High,False,False,0,3,True
COOCCc1ccccc1,C9H12O2,SUCCESS,152.19,1.81,18.46,0,2,4,-1.911,Soluble,High,High (CNS+),High,False,False,0,3,True
COOCCc1ccccn1,C8H11NO2,SUCCESS,153.18,1.2,31.35,0,3,4,-1.536,Soluble,High,High (CNS+),High,False,False,0,3,True
COOCCc1cccnc1,C8H11NO2,SUCCESS,153.18,1.2,31.35,0,3,4,-1.536,Soluble,High,High (CNS+),High,False,False,0,3,True
COSc1cccc2ccccc12,C11H10OS,SUCCESS,190.27,3.49,9.23,0,2,2,-3.182,Moderately Soluble,High,High (CNS+),Moderate,False,False,0,1,True
COSc1ccccc1,C7H8OS,SUCCESS,140.21,2.34,9.23,0,2,2,-2.152,Soluble,High,High (CNS+),Moderate,False,False,0,1,True
COSc1ccccn1,C6H7NOS,SUCCESS,141.19,1.74,22.12,0,3,2,-1.777,Soluble,High,High (CNS+),Moderate,False,False,0,1,True
COSc1cccnc1,C6H7NOS,SUCCESS,141.19,1.74,22.12,0,3,2,-1.777,Soluble,High,High (CNS+),Moderate,False,False,0,1,True
COc1cccc2ccccc12,C11H10O,SUCCESS,158.2,2.85,9.23,0,1,1,-2.567,Soluble,High,High (CNS+),Low,False,False,0,0,True
COc1ccccc1,C7H8O,SUCCESS,108.14,1.7,9.23,0,1,1,-1.535,Soluble,High,High (CNS+),Low,False,False,0,0,True
COc1ccccn1,C6H7NO,SUCCESS,109.13,1.09,22.12,0,2,1,-1.16,Soluble,High,High (CNS+),Low,False,False,0,0,True
COc1cccnc1,C6H7NO,SUCCESS,109.13,1.09,22.12,0,2,1,-1.16,Soluble,High,High (CNS+),Low,False,False,0,0,True
CSc1cccc2ccccc12,C11H10S,SUCCESS,174.27,3.56,0.0,0,1,1,-3.116,Moderately Soluble,High,High (CNS+),Low,False,False,0,0,True
CSc1ccccc1,C7H8S,SUCCESS,124.21,2.41,0.0,0,1,1,-2.084,Soluble,High,High (CNS+),Low,False,False,0,0,True
CSc1ccccn1,C6H7NS,SUCCESS,125.2,1.8,12.89,0,2,1,-1.709,Soluble,High,High (CNS+),Low,False,False,0,0,True
CSc1cccnc1,C6H7NS,SUCCESS,125.2,1.8,12.89,0,2,1,-1.709,Soluble,High,High (CNS+),Low,False,False,0,0,True
Cc1cccc2ccccc12,C11H10,SUCCESS,142.2,3.15,0.0,0,0,0,-2.645,Soluble,High,High (CNS+),Low,False,False,0,0,True
Cc1ccccc1,C7H8,SUCCESS,92.14,2.0,0.0,0,0,0,-1.612,Soluble,High,High (CNS+),Low,False,False,0,0,False
Cc1ccccn1,C6H7N,SUCCESS,93.13,1.39,12.89,0,1,0,-1.237,Soluble,High,High (CNS+),Low,False,False,0,0,False
Cc1cccnc1,C6H7N,SUCCESS,93.13,1.39,12.89,0,1,0,-1.237,Soluble,High,High (CNS+),Low,False,False,0,0,False
Clc1cccc2ccccc12,C10H7Cl,SUCCESS,162.62,3.49,0.0,0,0,0,-2.989,Soluble,High,High (CNS+),Low,False,False,0,0,True
Clc1ccccc1,C6H5Cl,SUCCESS,112.56,2.34,0.0,0,0,0,-1.955,Soluble,High,High (CNS+),Low,False,False,0,0,True
Clc1ccccn1,C5H4ClN,SUCCESS,113.55,1.73,12.89,0,1,0,-1.58,Soluble,High,High (CNS+),Moderate,False,False,0,1,True
Clc1cccnc1,C5H4ClN,SUCCESS,113.55,1.73,12.89,0,1,0,-1.58,Soluble,High,High (CNS+),Low,False,False,0,0,True
FC(F)(F)CCc1ccccc1,C9H9F3,SUCCESS,174.17,3.18,0.0,0,0,2,-2.904,Soluble,High,High (CNS+),Low,False,False,0,0,True
FC(F)(F)CCc1cccnc1,C8H8F3N,SUCCESS,175.15,2.58,12.89,0,1,2,-2.529,Soluble,High,High (CNS+),Low,False,False,0,0,True
FC(F)(F)Cc1cccc2ccccc12,C12H9F3,SUCCESS,210.2,3.94,0.0,0,0,1,-3.591,Moderately Soluble,High,High (CNS+),Low,False,False,0,0,True
FC(F)(F)Cc1ccccc1,C8H7F3,SUCCESS,160.14,2.79,0.0,0,0,1,-2.562,Soluble,High,High (CNS+),Low,False,False,0,0,True
FC(F)(F)Cc1ccccn1,C7H6F3N,SUCCESS,161.13,2.19,12.89,0,1,1,-2.187,Soluble,High,High (CNS+),Low,False,False,0,0,True
FC(F)(F)Cc1cccnc1,C7H6F3N,SUCCESS,161.13,2.19,12.89,0,1,1,-2.187,Soluble,High,High (CNS+),Low,False,False,0,0,True
FC(F)(F)c1cccc2ccccc12,C11H7F3,SUCCESS,196.17,3.86,0.0,0,0,0,-3.44,Moderately Soluble,High,High (CNS+),Low,False,False,0,0,True
FC(F)(F)c1ccccc1,C7H5F3,SUCCESS,146.11,2.71,0.0,0,0,0,-2.411,Soluble,High,High (CNS+),Low,False,False,0,0,True
FC(F)(F)c1ccccn1,C6H4F3N,SUCCESS,147.1,2.1,12.89,0,1,0,-2.036,Soluble,High,High (CNS+),Low,False,False,0,0,True
FC(F)(F)c1cccnc1,C6H4F3N,SUCCESS,147.1,2.1,12.89,0,1,0,-2.036,Soluble,High,High (CNS+),Low,False,False,0,0,True
Fc1cccc2ccccc12,C10H7F,SUCCESS,146.16,2.98,0.0,0,0,0,-2.563,Soluble,High,High (CNS+),Low,False,False,0,0,True
Fc1ccccc1,C6H5F,SUCCESS,96.1,1.83,0.0,0,0,0,-1.529,Soluble,High,High (CNS+),Low,False,False,0,0,False
Fc1ccccn1,C5H4FN,SUCCESS,97.09,1.22,12.89,0,1,0,-1.154,Soluble,High,High (CNS+),Moderate,False,False,0,1,False
Fc1cccnc1,C5H4FN,SUCCESS,97.09,1.22,12.89,0,1,0,-1.154,Soluble,High,High (CNS+),Low,False,False,0,0,False
N#CCCCc1cccc2ccccc12,C14H13N,SUCCESS,195.26,3.69,23.79,0,1,3,-3.348,Moderately Soluble,High,High (CNS+),Moderate,False,False,0,1,True
N#CCCCc1ccccc1,C10H11N,SUCCESS,145.2,2.53,23.79,0,1,3,-2.319,Soluble,High,High (CNS+),Moderate,False,False,0,1,True
N#CCCCc1ccccn1,C9H10N2,SUCCESS,146.19,1.93,36.68,0,2,3,-1.944,Soluble,High,High (CNS+),Moderate,False,False,0,1,True
N#CCCCc1cccnc1,C9H10N2,SUCCESS,146.19,1.93,36.68,0,2,3,-1.944,Soluble,High,High (CNS+),Moderate,False,False,0,1,True
N#CCCc1cccc2ccccc12,C13H11N,SUCCESS,181.24,3.3,23.79,0,1,2,-3.006,Moderately Soluble,High,High (CNS+),Low,False,False,0,0,True
N#CCCc1ccccc1,C9H9N,SUCCESS,131.18,2.14,23.79,0,1,2,-1.976,Soluble,High,High (CNS+),Low,False,False,0,0,True
N#CCCc1ccccn1,C8H8N2,SUCCESS,132.17,1.54,36.68,0,2,2,-1.601,Soluble,High,High (CNS+),Low,False,False,0,0,True
N#CCCc1cccnc1,C8H8N2,SUCCESS,132.17,1.54,36.68,0,2,2,-1.601,Soluble,High,High (CNS+),Low,False,False,0,0,True
N#CCOc1cccc2ccccc12,C12H9NO,SUCCESS,183.21,2.74,33.02,0,2,2,-2.669,Soluble,High,High (CNS+),Low,False,False,0,0,True
N#CCOc1ccccc1,C8H7NO,SUCCESS,133.15,1.59,33.02,0,2,2,-1.64,Soluble,High,High (CNS+),Low,False,False,0,0,True
N#CCOc1ccccn1,C7H6N2O,SUCCESS,134.14,0.98,45.91,0,3,2,-1.265,Soluble,High,High (CNS+),Low,False,False,0,0,True
N#CCOc1cccnc1,C7H6N2O,SUCCESS,134.14,0.98,45.91,0,3,2,-1.265,Soluble,High,High (CNS+),Low,False,False,0,0,True
N#CCc1cccc2ccccc12,C12H9N,SUCCESS,167.21,2.91,23.79,0,1,1,-2.663,Soluble,High,High (CNS+),Low,False,False,0,0,True
N#CCc1ccccc1,C8H7N,SUCCESS,117.15,1.75,23.79,0,1,1,-1.633,Soluble,High,High (CNS+),Low,False,False,0,0,True
N#CCc1ccccn1,C7H6N2,SUCCESS,118.14,1.15,36.68,0,2,1,-1.258,Soluble,High,High (CNS+),Low,False,False,0,0,True
N#CCc1cccnc1,C7H6N2,SUCCESS,118.14,1.15,36.68,0,2,1,-1.258,Soluble,High,High (CNS+),Low,False,False,0,0,True
N#CNC(=O)c1cccc2ccccc12,C12H8N2O,SUCCESS,196.21,2.05,52.89,1,2,1,-2.311,Soluble,High,High (CNS+),High,False,True,0,2,True
N#CNC(=O)c1ccccc1,C8H6N2O,SUCCESS,146.15,0.9,52.89,1,2,1,-1.282,Soluble,High,High (CNS+),High,False,True,0,2,True
N#CNC(=O)c1ccccn1,C7H5N3O,SUCCESS,147.14,0.29,65.78,1,3,1,-0.907,Highly Soluble,High,High (CNS+),Moderate,False,False,0,2,True
N#CNC(=O)c1cccnc1,C7H5N3O,SUCCESS,147.14,0.29,65.78,1,3,1,-0.907,Highly Soluble,High,High (CNS+),Moderate,False,False,0,2,True
N#CNCc1cccc2ccccc12,C12H10N2,SUCCESS,182.23,2.41,35.82,1,2,2,-2.454,Soluble,High,High (CNS+),High,False,True,0,2,True
N#CNCc1ccccc1,C8H8N2,SUCCESS,132.17,1.26,35.82,1,2,2,-1.425,Soluble,High,High (CNS+),High,False,True,0,2,True
N#CNCc1ccccn1,C7H7N3,SUCCESS,133.15,0.65,48.71,1,3,2,-1.049,Soluble,High,High (CNS+),Moderate,False,False,0,2,True
N#CNCc1cccnc1,C7H7N3,SUCCESS,133.15,0.65,48.71,1,3,2,-1.049,Soluble,High,High (CNS+),Moderate,False,False,0,2,True
N#CNc1cccc2ccccc12,C11H8N2,SUCCESS,168.2,2.73,35.82,1,2,1,-2.56,Soluble,High,High (CNS+),High,True,False,0,2,True
N#CNc1ccccc1,C7H6N2,SUCCESS,118.14,1.58,35.82,1,2,1,-1.53,Soluble,High,High (CNS+),High,True,False,0,2,True
N#CNc1ccccn1,C6H5N3,SUCCESS,119.13,0.97,48.71,1,3,1,-1.155,Soluble,High,High (CNS+),Moderate,False,False,0,2,True
N#CNc1cccnc1,C6H5N3,SUCCESS,119.13,0.97,48.71,1,3,1,-1.155,Soluble,High,High (CNS+),Moderate,False,False,0,2,True
N#COC(=O)c1cccc2ccccc12,C12H7NO2,SUCCESS,197.19,2.48,50.09,0,3,1,-2.586,Soluble,High,High (CNS+),Moderate,False,False,0,1,True
N#COC(=O)c1ccccc1,C8H5NO2,SUCCESS,147.13,1.32,50.09,0,3,1,-1.557,Soluble,High,High (CNS+),Moderate,False,False,0,1,True
N#COC(=O)c1ccccn1,C7H4N2O2,SUCCESS,148.12,0.72,62.98,0,4,1,-1.182,Soluble,High,High (CNS+),Moderate,False,False,0,1,True
N#COC(=O)c1cccnc1,C7H4N2O2,SUCCESS,148.12,0.72,62.98,0,4,1,-1.182,Soluble,High,High (CNS+),Moderate,False,False,0,1,True
N#COCCc1cccc2ccccc12,C13H11NO,SUCCESS,197.24,2.88,33.02,0,2,3,-2.852,Soluble,High,High (CNS+),Moderate,False,False,0,2,True
N#COCCc1ccccc1,C9H9NO,SUCCESS,147.18,1.73,33.02,0,2,3,-1.823,Soluble,High,High (CNS+),Moderate,False,False,0,2,True
N#COCCc1ccccn1,C8H8N2O,SUCCESS,148.16,1.12,45.91,0,3,3,-1.448,Soluble,High,High (CNS+),Moderate,False,False,0,2,True
N#COCCc1cccnc1,C8H8N2O,SUCCESS,148.16,1.12,45.91,0,3,3,-1.448,Soluble,High,High (CNS+),Moderate,False,False,0,2,True
N#CSc1cccc2ccccc12,C11H7NS,SUCCESS,185.25,3.41,23.79,0,2,1,-3.094,Moderately Soluble,High,High (CNS+),Moderate,False,False,0,1,True
N#CSc1ccccc1,C7H5NS,SUCCESS,135.19,2.26,23.79,0,2,1,-2.064,Soluble,High,High (CNS+),Moderate,False,False,0,1,True
N#CSc1ccccn1,C6H4N2S,SUCCESS,136.18,1.65,36.68,0,3,1,-1.689,Soluble,High,High (CNS+),Moderate,False,False,0,1,True
N#CSc1cccnc1,C6H4N2S,SUCCESS,136.18,1.65,36.68,0,3,1,-1.689,Soluble,High,High (CNS+),Moderate,False,False,0,1,True
N#Cc1cccc2ccccc12,C11H7N,SUCCESS,153.18,2.71,23.79,0,1,0,-2.443,Soluble,High,High (CNS+),Moderate,False,True,0,0,True
N#Cc1ccccc1,C7H5N,SUCCESS,103.12,1.56,23.79,0,1,0,-1.412,Soluble,High,High (CNS+),Moderate,False,True,0,0,True
N#Cc1ccccn1,C6H4N2,SUCCESS,104.11,0.95,36.68,0,2,0,-1.037,Soluble,High,High (CNS+),Low,False,False,0,0,True
N#Cc1cccnc1,C6H4N2,SUCCESS,104.11,0.95,36.68,0,2,0,-1.037,Soluble,High,High (CNS+),Low,False,False,0,0,True
NC(=O)CCCc1cccc2ccccc12,C14H15NO,SUCCESS,213.28,2.65,43.09,1,1,4,-2.814,Soluble,High,High (CNS+),Low,False,False,0,0,True
NC(=O)CCCc1ccccc1,C10H13NO,SUCCESS,163.22,1.49,43.09,1,1,4,-1.786,Soluble,High,High (CNS+),Low,False,False,0,0,True
NC(=O)CCCc1ccccn1,C9H12N2O,SUCCESS,164.21,0.89,55.98,1,2,4,-1.411,Soluble,High,High (CNS+),Low,False,False,0,0,True
NC(=O)CCCc1cccnc1,C9H12N2O,SUCCESS,164.21,0.89,55.98,1,2,4,-1.411,Soluble,High,High (CNS+),Low,False,False,0,0,True
NC(=O)CCc1cccc2ccccc12,C13H13NO,SUCCESS,199.25,2.26,43.09,1,1,3,-2.473,Soluble,High,High (CNS+),Low,False,False,0,0,True
NC(=O)CCc1ccccc1,C9H11NO,SUCCESS,149.19,1.1,43.09,1,1,3,-1.444,Soluble,High,High (CNS+),Low,False,False,0,0,True
NC(=O)CCc1ccccn1,C8H10N2O,SUCCESS,150.18,0.5,55.98,1,2,3,-1.069,Soluble,High,High (CNS+),Low,False,False,0,0,True
NC(=O)CCc1cccnc1,C8H10N2O,SUCCESS,150.18,0.5,55.98,1,2,3,-1.069,Soluble,High,High (CNS+),Low,False,False,0,0,True
NC(=O)COc1cccc2ccccc12,C12H11NO2,SUCCESS,201.22,1.7,52.32,1,2,3,-2.136,Soluble,High,High (CNS+),Low,False,False,0,0,True
NC(=O)COc1ccccc1,C8H9NO2,SUCCESS,151.16,0.55,52.32,1,2,3,-1.107,Soluble,High,High (CNS+),Low,False,False,0,0,True
NC(=O)COc1ccccn1,C7H8N2O2,SUCCESS,152.15,-0.05,65.21,1,3,3,-0.732,Highly Soluble,High,High (CNS+),Low,False,False,0,0,True
NC(=O)COc1cccnc1,C7H8N2O2,SUCCESS,152.15,-0.05,65.21,1,3,3,-0.732,Highly Soluble,High,High (CNS+),Low,False,False,0,0,True
NC(=O)Cc1cccc2ccccc12,C12H11NO,SUCCESS,185.23,1.87,43.09,1,1,2,-2.13,Soluble,High,High (CNS+),Low,False,False,0,0,True
NC(=O)Cc1ccccc1,C8H9NO,SUCCESS,135.17,0.71,43.09,1,1,2,-1.101,Soluble,High,High (CNS+),Low,False,False,0,0,True
NC(=O)Cc1ccccn1,C7H8N2O,SUCCESS,136.15,0.11,55.98,1,2,2,-0.726,Highly Soluble,High,High (CNS+),Low,False,False,0,0,True
NC(=O)Cc1cccnc1,C7H8N2O,SUCCESS,136.15,0.11,55.98,1,2,2,-0.726,Highly Soluble,High,High (CNS+),Low,False,False,0,0,True
NC(=O)NC(=O)c1cccc2ccccc12,C12H10N2O2,SUCCESS,214.22,1.65,72.19,2,2,1,-2.172,Soluble,High,High (CNS+),Moderate,False,True,0,0,True
NC(=O)NC(=O)c1ccccc1,C8H8N2O2,SUCCESS,164.16,0.5,72.19,2,2,1,-1.143,Soluble,High,High (CNS+),Moderate,False,True,0,0,True
NC(=O)NC(=O)c1ccccn1,C7H7N3O2,SUCCESS,165.15,-0.11,85.08,2,3,1,-0.768,Highly Soluble,High,High (CNS+),Low,False,False,0,0,True
NC(=O)NC(=O)c1cccnc1,C7H7N3O2,SUCCESS,165.15,-0.11,85.08,2,3,1,-0.768,Highly Soluble,High,High (CNS+),Low,False,False,0,0,True
NC(=O)NCc1cccc2ccccc12,C12H12N2O,SUCCESS,200.24,2.01,55.12,2,1,2,-2.315,Soluble,High,High (CNS+),Moderate,False,True,0,0,True
NC(=O)NCc1ccccc1,C8H10N2O,SUCCESS,150.18,0.85,55.12,2,1,2,-1.286,Soluble,High,High (CNS+),Moderate,False,True,0,0,True
NC(=O)NCc1ccccn1,C7H9N3O,SUCCESS,151.17,0.25,68.01,2,2,2,-0.911,Highly Soluble,High,High (CNS+),Low,False,False,0,0,True
NC(=O)NCc1cccnc1,C7H9N3O,SUCCESS,151.17,0.25,68.01,2,2,2,-0.911,Highly Soluble,High,High (CNS+),Low,False,False,0,0,True
NC(=O)Nc1cccc2ccccc12,C11H10N2O,SUCCESS,186.21,2.33,55.12,2,1,1,-2.422,Soluble,High,High (CNS+),Moderate,True,False,0,0,True
NC(=O)Nc1ccccc1,C7H8N2O,SUCCESS,136.15,1.18,55.12,2,1,1,-1.392,Soluble,High,High (CNS+),Moderate,True,False,0,0,True
NC(=O)Nc1ccccn1,C6H7N3O,SUCCESS,137.14,0.57,68.01,2,2,1,-1.017,Soluble,High,High (CNS+),Low,False,False,0,0,True
NC(=O)Nc1cccnc1,C6H7N3O,SUCCESS,137.14,0.57,68.01,2,2,1,-1.017,Soluble,High,High (CNS+),Low,False,False,0,0,True
NC(=O)OC(=O)c1cccc2ccccc12,C12H9NO3,SUCCESS,215.21,2.08,69.39,1,3,1,-2.447,Soluble,High,High (CNS+),Moderate,False,False,0,1,True
NC(=O)OC(=O)c1ccccc1,C8H7NO3,SUCCESS,165.15,0.92,69.39,1,3,1,-1.418,Soluble,High,High (CNS+),Moderate,False,False,0,1,True
NC(=O)OC(=O)c1ccccn1,C7H6N2O3,SUCCESS,166.14,0.32,82.28,1,4,1,-1.043,Soluble,High,High (CNS+),Moderate,False,False,0,1,True
NC(=O)OC(=O)c1cccnc1,C7H6N2O3,SUCCESS,166.14,0.32,82.28,1,4,1,-1.043,Soluble,High,High (CNS+),Moderate,False,False,0,1,True
NC(=O)OCCc1cccc2ccccc12,C13H13NO2,SUCCESS,215.25,2.48,52.32,1,2,3,-2.713,Soluble,High,High (CNS+),Low,False,False,0,0,True
NC(=O)OCCc1ccccc1,C9H11NO2,SUCCESS,165.19,1.32,52.32,1,2,3,-1.684,Soluble,High,High (CNS+),Low,False,False,0,0,True
NC(=O)OCCc1ccccn1,C8H10N2O2,SUCCESS,166.18,0.72,65.21,1,3,3,-1.309,Soluble,High,High (CNS+),Low,False,False,0,0,True
NC(=O)OCCc1cccnc1,C8H10N2O2,SUCCESS,166.18,0.72,65.21,1,3,3,-1.309,Soluble,High,High (CNS+),Low,False,False,0,0,True
NC(=O)Sc1cccc2ccccc12,C11H9NOS,SUCCESS,203.27,3.01,43.09,1,2,1,-2.956,Soluble,High,High (CNS+),Moderate,False,False,0,1,True
NC(=O)Sc1ccccc1,C7H7NOS,SUCCESS,153.21,1.86,43.09,1,2,1,-1.927,Soluble,High,High (CNS+),Moderate,False,False,0,1,True
NC(=O)Sc1ccccn1,C6H6N2OS,SUCCESS,154.19,1.25,55.98,1,3,1,-1.552,Soluble,High,High (CNS+),Moderate,False,False,0,1,True
NC(=O)Sc1cccnc1,C6H6N2OS,SUCCESS,154.19,1.25,55.98,1,3,1,-1.552,Soluble,High,High (CNS+),Moderate,False,False,0,1,True
NC(=O)c1cccc2ccccc12,C11H9NO,SUCCESS,171.2,1.94,43.09,1,1,1,-2.078,Soluble,High,High (CNS+),Moderate,False,True,0,0,True
NC(=O)c1ccccc1,C7H7NO,SUCCESS,121.14,0.79,43.09,1,1,1,-1.048,Soluble,High,High (CNS+),Moderate,False,True,0,0,True
NC(=O)c1ccccn1,C6H6N2O,SUCCESS,122.13,0.18,55.98,1,2,1,-0.673,Highly Soluble,High,High (CNS+),Low,False,False,0,0,True
NC(=O)c1cccnc1,C6H6N2O,SUCCESS,122.13,0.18,55.98,1,2,1,-0.673,Highly Soluble,High,High (CNS+),Low,False,False,0,0,True
NCCCCCc1cccc2ccccc12,C15H19N,SUCCESS,213.32,3.51,26.02,1,1,5,-3.365,Moderately Soluble,High,High (CNS+),Moderate,False,False,0,1,True
NCCCCCc1ccccc1,C11H17N,SUCCESS,163.26,2.36,26.02,1,1,5,-2.336,Soluble,High,High (CNS+),Moderate,False,False,0,1,True
NCCCCCc1ccccn1,C10H16N2,SUCCESS,164.25,1.75,38.91,1,2,5,-1.961,Soluble,High,High (CNS+),Moderate,False,False,0,1,True
NCCCCCc1cccnc1,C10H16N2,SUCCESS,164.25,1.75,38.91,1,2,5,-1.961,Soluble,High,High (CNS+),Moderate,False,False,0,1,True
NCCCCc1cccc2ccccc12,C14H17N,SUCCESS,199.3,3.12,26.02,1,1,4,-3.023,Moderately Soluble,High,High (CNS+),Moderate,False,False,0,1,True
NCCCCc1ccccc1,C10H15N,SUCCESS,149.24,1.97,26.02,1,1,4,-1.994,Soluble,High,High (CNS+),Moderate,False,False,0,1,True
NCCCCc1ccccn1,C9H14N2,SUCCESS,150.22,1.36,38.91,1,2,4,-1.619,Soluble,High,High (CNS+),Moderate,False,False,0,1,True
NCCCCc1cccnc1,C9H14N2,SUCCESS,150.22,1.36,38.91,1,2,4,-1.619,Soluble,High,High (CNS+),Moderate,False,False,0,1,True
NCCCOc1cccc2ccccc12,C13H15NO,SUCCESS,201.27,2.57,35.25,1,2,4,-2.687,Soluble,High,High (CNS+),Moderate,False,False,0,1,True
NCCCOc1ccccc1,C9H13NO,SUCCESS,151.21,1.41,35.25,1,2,4,-1.658,Soluble,High,High (CNS+),Moderate,False,False,0,1,True
NCCCOc1ccccn1,C8H12N2O,SUCCESS,152.2,0.81,48.14,1,3,4,-1.283,Soluble,High,High (CNS+),Moderate,False,False,0,1,True
NCCCOc1cccnc1,C8H12N2O,SUCCESS,152.2,0.81,48.14,1,3,4,-1.283,Soluble,High,High (CNS+),Moderate,False,False,0,1,True
NCCCc1cccc2ccccc12,C13H15N,SUCCESS,185.27,2.73,26.02,1,1,3,-2.681,Soluble,High,High (CNS+),Low,False,False,0,0,True
NCCCc1ccccc1,C9H13N,SUCCESS,135.21,1.58,26.02,1,1,3,-1.652,Soluble,High,High (CNS+),Low,False,False,0,0,True
NCCCc1ccccn1,C8H12N2,SUCCESS,136.2,0.97,38.91,1,2,3,-1.277,Soluble,High,High (CNS+),Low,False,False,0,0,True
NCCCc1cccnc1,C8H12N2,SUCCESS,136.2,0.97,38.91,1,2,3,-1.277,Soluble,High,High (CNS+),Low,False,False,0,0,True
NCCNC(=O)c1cccc2ccccc12,C13H14N2O,SUCCESS,214.27,1.53,55.12,2,2,3,-2.109,Soluble,High,High (CNS+),Moderate,False,True,0,0,True
NCCNC(=O)c1ccccc1,C9H12N2O,SUCCESS,164.21,0.38,55.12,2,2,3,-1.08,Soluble,High,High (CNS+),Moderate,False,True,0,0,True
NCCNC(=O)c1ccccn1,C8H11N3O,SUCCESS,165.2,-0.23,68.01,2,3,3,-0.705,Highly Soluble,High,High (CNS+),Low,False,False,0,0,True
NCCNC(=O)c1cccnc1,C8H11N3O,SUCCESS,165.2,-0.23,68.01,2,3,3,-0.705,Highly Soluble,High,High (CNS+),Low,False,False,0,0,True
NCCNCc1cccc2ccccc12,C13H16N2,SUCCESS,200.28,1.89,38.05,2,2,4,-2.252,Soluble,High,High (CNS+),Moderate,False,True,0,1,True
NCCNCc1ccccc1,C9H14N2,SUCCESS,150.22,0.73,38.05,2,2,4,-1.224,Soluble,High,High (CNS+),Moderate,False,True,0,1,True
NCCNCc1ccccn1,C8H13N3,SUCCESS,151.21,0.13,50.94,2,3,4,-0.849,Highly Soluble,High,High (CNS+),Moderate,False,False,0,1,True
NCCNCc1cccnc1,C8H13N3,SUCCESS,151.21,0.13,50.94,2,3,4,-0.849,Highly Soluble,High,High (CNS+),Moderate,False,False,0,1,True
NCCNc1cccc2ccccc12,C12H14N2,SUCCESS,186.26,2.21,38.05,2,2,3,-2.359,Soluble,High,High (CNS+),Moderate,True,False,0,0,True
NCCNc1ccccc1,C8H12N2,SUCCESS,136.2,1.06,38.05,2,2,3,-1.33,Soluble,High,High (CNS+),Moderate,True,False,0,0,True
NCCNc1ccccn1,C7H11N3,SUCCESS,137.19,0.45,50.94,2,3,3,-0.955,Highly Soluble,High,High (CNS+),Low,False,False,0,0,True
NCCNc1cccnc1,C7H11N3,SUCCESS,137.19,0.45,50.94,2,3,3,-0.955,Highly Soluble,High,High (CNS+),Low,False,False,0,0,True
NCCOC(=O)c1cccc2ccccc12,C13H13NO2,SUCCESS,215.25,1.96,52.32,1,3,3,-2.384,Soluble,High,High (CNS+),Low,False,False,0,0,True
NCCOC(=O)c1ccccc1,C9H11NO2,SUCCESS,165.19,0.8,52.32,1,3,3,-1.355,Soluble,High,High (CNS+),Low,False,False,0,0,True
NCCOC(=O)c1ccccn1,C8H10N2O2,SUCCESS,166.18,0.2,65.21,1,4,3,-0.98,Highly Soluble,High,High (CNS+),Low,False,False,0,0,True
NCCOC(=O)c1cccnc1,C8H10N2O2,SUCCESS,166.18,0.2,65.21,1,4,3,-0.98,Highly Soluble,High,High (CNS+),Low,False,False,0,0,True
NCCOCCc1cccc2ccccc12,C14H17NO,SUCCESS,215.3,2.36,35.25,1,2,5,-2.65,Soluble,High,High (CNS+),Moderate,False,False,0,1,True
NCCOCCc1ccccc1,C10H15NO,SUCCESS,165.24,1.2,35.25,1,2,5,-1.622,Soluble,High,High (CNS+),Moderate,False,False,0,1,True
NCCOCCc1ccccn1,C9H14N2O,SUCCESS,166.22,0.6,48.14,1,3,5,-1.247,Soluble,High,High (CNS+),Moderate,False,False,0,1,True
NCCOCCc1cccnc1,C9H14N2O,SUCCESS,166.22,0.6,48.14,1,3,5,-1.247,Soluble,High,High (CNS+),Moderate,False,False,0,1,True
NCCOc1cccc2ccccc12,C12H13NO,SUCCESS,187.24,2.18,35.25,1,2,3,-2.344,Soluble,High,High (CNS+),Low,False,False,0,0,True
NCCOc1ccccc1,C8H11NO,SUCCESS,137.18,1.02,35.25,1,2,3,-1.315,Soluble,High,High (CNS+),Low,False,False,0,0,True
NCCOc1ccccn1,C7H10N2O,SUCCESS,138.17,0.42,48.14,1,3,3,-0.94,Highly Soluble,High,High (CNS+),Low,False,False,0,0,True
NCCOc1cccnc1,C7H10N2O,SUCCESS,138.17,0.42,48.14,1,3,3,-0.94,Highly Soluble,High,High (CNS+),Low,False,False,0,0,True
NCCSc1cccc2ccccc12,C12H13NS,SUCCESS,203.31,2.89,26.02,1,2,3,-2.893,Soluble,High,High (CNS+),Low,False,False,0,0,True
NCCSc1ccccc1,C8H11NS,SUCCESS,153.25,1.74,26.02,1,2,3,-1.864,Soluble,High,High (CNS+),Low,False,False,0,0,True
NCCSc1ccccn1,C7H10N2S,SUCCESS,154.24,1.13,38.91,1,3,3,-1.489,Soluble,High,High (CNS+),Low,False,False,0,0,True
NCCSc1cccnc1,C7H10N2S,SUCCESS,154.24,1.13,38.91,1,3,3,-1.489,Soluble,High,High (CNS+),Low,False,False,0,0,True
NCCc1cccc2ccccc12,C12H13N,SUCCESS,171.24,2.34,26.02,1,1,2,-2.338,Soluble,High,High (CNS+),Low,False,False,0,0,True
NCCc1ccccc1,C8H11N,SUCCESS,121.18,1.19,26.02,1,1,2,-1.308,Soluble,High,High (CNS+),Low,False,False,0,0,True
NCCc1ccccn1,C7H10N2,SUCCESS,122.17,0.58,38.91,1,2,2,-0.933,Highly Soluble,High,High (CNS+),Low,False,False,0,0,True
NCCc1cccnc1,C7H10N2,SUCCESS,122.17,0.58,38.91,1,2,2,-0.933,Highly Soluble,High,High (CNS+),Low,False,False,0,0,True
NCNC(=O)c1cccc2ccccc12,C12H12N2O,SUCCESS,200.24,1.49,55.12,2,2,2,-1.986,Soluble,High,High (CNS+),Moderate,False,True,0,1,True
NCNC(=O)c1ccccc1,C8H10N2O,SUCCESS,150.18,0.33,55.12,2,2,2,-0.957,Highly Soluble,High,High (CNS+),Moderate,False,True,0,1,True
NCNC(=O)c1ccccn1,C7H9N3O,SUCCESS,151.17,-0.27,68.01,2,3,2,-0.582,Highly Soluble,High,High (CNS+),Moderate,False,False,0,1,True
NCNC(=O)c1cccnc1,C7H9N3O,SUCCESS,151.17,-0.27,68.01,2,3,2,-0.582,Highly Soluble,High,High (CNS+),Moderate,False,False,0,1,True
NCNCc1cccc2ccccc12,C12H14N2,SUCCESS,186.26,1.85,38.05,2,2,3,-2.129,Soluble,High,High (CNS+),Moderate,False,True,0,1,True
NCNCc1ccccc1,C8H12N2,SUCCESS,136.2,0.69,38.05,2,2,3,-1.1,Soluble,High,High (CNS+),Moderate,False,True,0,1,True
NCNCc1ccccn1,C7H11N3,SUCCESS,137.19,0.09,50.94,2,3,3,-0.725,Highly Soluble,High,High (CNS+),Moderate,False,False,0,1,True
NCNCc1cccnc1,C7H11N3,SUCCESS,137.19,0.09,50.94,2,3,3,-0.725,Highly Soluble,High,High (CNS+),Moderate,False,False,0,1,True
NCNc1cccc2ccccc12,C11H12N2,SUCCESS,172.23,2.17,38.05,2,2,2,-2.235,Soluble,High,High (CNS+),Moderate,True,False,0,1,True
NCNc1ccccc1,C7H10N2,SUCCESS,122.17,1.01,38.05,2,2,2,-1.205,Soluble,High,High (CNS+),Moderate,True,False,0,1,True
NCNc1ccccn1,C6H9N3,SUCCESS,123.16,0.41,50.94,2,3,2,-0.83,Highly Soluble,High,High (CNS+),Moderate,False,False,0,1,True
NCNc1cccnc1,C6H9N3,SUCCESS,123.16,0.41,50.94,2,3,2,-0.83,Highly Soluble,High,High (CNS+),Moderate,False,False,0,1,True
NCOC(=O)c1cccc2ccccc12,C12H11NO2,SUCCESS,201.22,1.91,52.32,1,3,2,-2.261,Soluble,High,High (CNS+),Moderate,False,False,0,1,True
NCOC(=O)c1ccccc1,C8H9NO2,SUCCESS,151.16,0.76,52.32,1,3,2,-1.232,Soluble,High,High (CNS+),Moderate,False,False,0,1,True
NCOC(=O)c1ccccn1,C7H8N2O2,SUCCESS,152.15,0.15,65.21,1,4,2,-0.857,Highly Soluble,High,High (CNS+),Moderate,False,False,0,1,True
NCOC(=O)c1cccnc1,C7H8N2O2,SUCCESS,152.15,0.15,65.21,1,4,2,-0.857,Highly Soluble,High,High (CNS+),Moderate,False,False,0,1,True
NCOCCc1cccc2ccccc12,C13H15NO,SUCCESS,201.27,2.32,35.25,1,2,4,-2.528,Soluble,High,High (CNS+),Moderate,False,False,0,2,True
NCOCCc1ccccc1,C9H13NO,SUCCESS,151.21,1.16,35.25,1,2,4,-1.499,Soluble,High,High (CNS+),Moderate,False,False,0,2,True
NCOCCc1ccccn1,C8H12N2O,SUCCESS,152.2,0.56,48.14,1,3,4,-1.124,Soluble,High,High (CNS+),Moderate,False,False,0,2,True
NCOCCc1cccnc1,C8H12N2O,SUCCESS,152.2,0.56,48.14,1,3,4,-1.124,Soluble,High,High (CNS+),Moderate,False,False,0,2,True
NCOc1cccc2ccccc12,C11H11NO,SUCCESS,173.21,2.13,35.25,1,2,2,-2.221,Soluble,High,High (CNS+),Moderate,False,False,0,1,True
NCOc1ccccc1,C7H9NO,SUCCESS,123.15,0.98,35.25,1,2,2,-1.191,Soluble,High,High (CNS+),Moderate,False,False,0,1,True
NCOc1ccccn1,C6H8N2O,SUCCESS,124.14,0.38,48.14,1,3,2,-0.816,Highly Soluble,High,High (CNS+),Moderate,False,False,0,1,True
NCOc1cccnc1,C6H8N2O,SUCCESS,124.14,0.38,48.14,1,3,2,-0.816,Highly Soluble,High,High (CNS+),Moderate,False,False,0,1,True
NCSc1cccc2ccccc12,C11H11NS,SUCCESS,189.28,2.85,26.02,1,2,2,-2.77,Soluble,High,High (CNS+),Moderate,False,False,0,1,True
NCSc1ccccc1,C7H9NS,SUCCESS,139.22,1.69,26.02,1,2,2,-1.74,Soluble,High,High (CNS+),Moderate,False,False,0,1,True
NCSc1ccccn1,C6H8N2S,SUCCESS,140.21,1.09,38.91,1,3,2,-1.365,Soluble,High,High (CNS+),Moderate,False,False,0,1,True
NCSc1cccnc1,C6H8N2S,SUCCESS,140.21,1.09,38.91,1,3,2,-1.365,Soluble,High,High (CNS+),Moderate,False,False,0,1,True
NCc1cccc2ccccc12,C11H11N,SUCCESS,157.22,2.3,26.02,1,1,1,-2.214,Soluble,High,High (CNS+),Moderate,False,True,0,0,True
NCc1ccccc1,C7H9N,SUCCESS,107.16,1.15,26.02,1,1,1,-1.183,Soluble,High,High (CNS+),Moderate,False,True,0,0,True
NCc1ccccn1,C6H8N2,SUCCESS,108.14,0.54,38.91,1,2,1,-0.808,Highly Soluble,High,High (CNS+),Low,False,False,0,0,True
NCc1cccnc1,C6H8N2,SUCCESS,108.14,0.54,38.91,1,2,1,-0.808,Highly Soluble,High,High (CNS+),Low,False,False,0,0,True
NNC(=O)c1cccc2ccccc12,C11H10N2O,SUCCESS,186.21,1.44,55.12,2,2,1,-1.863,Soluble,High,High (CNS+),High,True,True,0,3,True
NNC(=O)c1ccccc1,C7H8N2O,SUCCESS,136.15,0.29,55.12,2,2,1,-0.834,Highly Soluble,High,High (CNS+),High,True,True,0,3,True
NNC(=O)c1ccccn1,C6H7N3O,SUCCESS,137.14,-0.31,68.01,2,3,1,-0.459,Highly Soluble,High,High (CNS+),High,True,False,0,3,True
NNC(=O)c1cccnc1,C6H7N3O,SUCCESS,137.14,-0.31,68.01,2,3,1,-0.459,Highly Soluble,High,High (CNS+),High,True,False,0,3,True
NNCc1cccc2ccccc12,C11H12N2,SUCCESS,172.23,1.8,38.05,2,2,2,-2.006,Soluble,High,High (CNS+),High,True,True,0,2,True
NNCc1ccccc1,C7H10N2,SUCCESS,122.17,0.65,38.05,2,2,2,-0.975,Highly Soluble,High,High (CNS+),High,True,True,0,2,True
NNCc1ccccn1,C6H9N3,SUCCESS,123.16,0.04,50.94,2,3,2,-0.6,Highly Soluble,High,High (CNS+),High,True,False,0,2,True
NNCc1cccnc1,C6H9N3,SUCCESS,123.16,0.04,50.94,2,3,2,-0.6,Highly Soluble,High,High (CNS+),High,True,False,0,2,True
NNc1cccc2ccccc12,C10H10N2,SUCCESS,158.2,2.13,38.05,2,2,1,-2.111,Soluble,High,High (CNS+),High,True,False,0,2,True
NNc1ccccc1,C6H8N2,SUCCESS,108.14,0.97,38.05,2,2,1,-1.08,Soluble,High,High (CNS+),High,True,False,0,2,True
NNc1ccccn1,C5H7N3,SUCCESS,109.13,0.37,50.94,2,3,1,-0.705,Highly Soluble,High,High (CNS+),High,True,False,0,2,True
NNc1cccnc1,C5H7N3,SUCCESS,109.13,0.37,50.94,2,3,1,-0.705,Highly Soluble,High,High (CNS+),High,True,False,0,2,True
NOC(=O)c1cccc2ccccc12,C11H9NO2,SUCCESS,187.2,1.87,52.32,1,3,1,-2.138,Soluble,High,High (CNS+),Moderate,False,False,0,1,True
NOC(=O)c1ccccc1,C7H7NO2,SUCCESS,137.14,0.72,52.32,1,3,1,-1.109,Soluble,High,High (CNS+),Moderate,False,False,0,1,True
NOC(=O)c1ccccn1,C6H6N2O2,SUCCESS,138.13,0.11,65.21,1,4,1,-0.734,Highly Soluble,High,High (CNS+),Moderate,False,False,0,1,True
NOC(=O)c1cccnc1,C6H6N2O2,SUCCESS,138.13,0.11,65.21,1,4,1,-0.734,Highly Soluble,High,High (CNS+),Moderate,False,False,0,1,True
NOCCc1cccc2ccccc12,C12H13NO,SUCCESS,187.24,2.27,35.25,1,2,3,-2.404,Soluble,High,High (CNS+),Moderate,False,False,0,1,True
NOCCc1ccccc1,C8H11NO,SUCCESS,137.18,1.12,35.25,1,2,3,-1.375,Soluble,High,High (CNS+),Moderate,False,False,0,1,True
NOCCc1ccccn1,C7H10N2O,SUCCESS,138.17,0.51,48.14,1,3,3,-1.0,Soluble,High,High (CNS+),Moderate,False,False,0,1,True
NOCCc1cccnc1,C7H10N2O,SUCCESS,138.17,0.51,48.14,1,3,3,-1.0,Soluble,High,High (CNS+),Moderate,False,False,0,1,True
NSc1cccc2ccccc12,C10H9NS,SUCCESS,175.26,2.81,26.02,1,2,1,-2.645,Soluble,High,High (CNS+),Moderate,False,False,0,1,True
NSc1ccccc1,C6H7NS,SUCCESS,125.2,1.65,26.02,1,2,1,-1.614,Soluble,High,High (CNS+),Moderate,False,False,0,1,True
NSc1ccccn1,C5H6N2S,SUCCESS,126.18,1.05,38.91,1,3,1,-1.239,Soluble,High,High (CNS+),Moderate,False,False,0,1,True
NSc1cccnc1,C5H6N2S,SUCCESS,126.18,1.05,38.91,1,3,1,-1.239,Soluble,High,High (CNS+),Moderate,False,False,0,1,True
Nc1cccc2ccccc12,C10H9N,SUCCESS,143.19,2.42,26.02,1,1,0,-2.194,Soluble,High,High (CNS+),Moderate,True,False,0,1,True
Nc1ccccc1,C6H7N,SUCCESS,93.13,1.27,26.02,1,1,0,-1.16,Soluble,High,High (CNS+),Moderate,True,False,0,1,False
Nc1ccccn1,C5H6N2,SUCCESS,94.12,0.66,38.91,1,2,0,-0.785,Highly Soluble,High,High (CNS+),Low,False,False,0,0,False
Nc1cccnc1,C5H6N2,SUCCESS,94.12,0.66,38.91,1,2,0,-0.785,Highly Soluble,High,High (CNS+),Low,False,False,0,0,False
O=C(NO)c1cccc2ccccc12,C11H9NO2,SUCCESS,187.2,1.96,49.33,2,2,1,-2.194,Soluble,High,High (CNS+),High,False,True,0,2,True
O=C(NO)c1ccccc1,C7H7NO2,SUCCESS,137.14,0.81,49.33,2,2,1,-1.164,Soluble,High,High (CNS+),High,False,True,0,2,True
O=C(NO)c1ccccn1,C6H6N2O2,SUCCESS,138.13,0.2,62.22,2,3,1,-0.789,Highly Soluble,High,High (CNS+),Moderate,False,False,0,2,True
O=C(NO)c1cccnc1,C6H6N2O2,SUCCESS,138.13,0.2,62.22,2,3,1,-0.789,Highly Soluble,High,High (CNS+),Moderate,False,False,0,2,True
O=C(O)CCCc1cccc2ccccc12,C14H14O2,SUCCESS,214.26,3.25,37.3,1,1,4,-3.198,Moderately Soluble,High,High (CNS+),Low,False,False,0,0,True
O=C(O)CCCc1ccccc1,C10H12O2,SUCCESS,164.2,2.09,37.3,1,1,4,-2.169,Soluble,High,High (CNS+),Low,False,False,0,0,True
O=C(O)CCCc1ccccn1,C9H11NO2,SUCCESS,165.19,1.49,50.19,1,2,4,-1.794,Soluble,High,High (CNS+),Low,False,False,0,0,True
O=C(O)CCCc1cccnc1,C9H11NO2,SUCCESS,165.19,1.49,50.19,1,2,4,-1.794,Soluble,High,High (CNS+),Low,False,False,0,0,True
O=C(O)CCc1cccc2ccccc12,C13H12O2,SUCCESS,200.24,2.86,37.3,1,1,3,-2.856,Soluble,High,High (CNS+),Low,False,False,0,0,True
O=C(O)CCc1ccccc1,C9H10O2,SUCCESS,150.18,1.7,37.3,1,1,3,-1.827,Soluble,High,High (CNS+),Low,False,False,0,0,True
O=C(O)CCc1ccccn1,C8H9NO2,SUCCESS,151.16,1.1,50.19,1,2,3,-1.452,Soluble,High,High (CNS+),Low,False,False,0,0,True
O=C(O)CCc1cccnc1,C8H9NO2,SUCCESS,151.16,1.1,50.19,1,2,3,-1.452,Soluble,High,High (CNS+),Low,False,False,0,0,True
O=C(O)COc1cccc2ccccc12,C12H10O3,SUCCESS,202.21,2.3,46.53,1,2,3,-2.52,Soluble,High,High (CNS+),Low,False,False,0,0,True
O=C(O)COc1ccccc1,C8H8O3,SUCCESS,152.15,1.15,46.53,1,2,3,-1.491,Soluble,High,High (CNS+),Low,False,False,0,0,True
O=C(O)COc1ccccn1,C7H7NO3,SUCCESS,153.14,0.54,59.42,1,3,3,-1.116,Soluble,High,High (CNS+),Low,False,False,0,0,True
O=C(O)COc1cccnc1,C7H7NO3,SUCCESS,153.14,0.54,59.42,1,3,3,-1.116,Soluble,High,High (CNS+),Low,False,False,0,0,True
O=C(O)Cc1cccc2ccccc12,C12H10O2,SUCCESS,186.21,2.47,37.3,1,1,2,-2.514,Soluble,High,High (CNS+),Low,False,False,0,0,True
O=C(O)Cc1ccccc1,C8H8O2,SUCCESS,136.15,1.31,37.3,1,1,2,-1.485,Soluble,High,High (CNS+),Low,False,False,0,0,True
O=C(O)Cc1ccccn1,C7H7NO2,SUCCESS,137.14,0.71,50.19,1,2,2,-1.11,Soluble,High,High (CNS+),Low,False,False,0,0,True
O=C(O)Cc1cccnc1,C7H7NO2,SUCCESS,137.14,0.71,50.19,1,2,2,-1.11,Soluble,High,High (CNS+),Low,False,False,0,0,True
O=C(O)NC(=O)c1cccc2ccccc12,C12H9NO3,SUCCESS,215.21,2.25,66.4,2,2,1,-2.555,Soluble,High,High (CNS+),Moderate,False,True,0,0,True
O=C(O)NC(=O)c1ccccc1,C8H7NO3,SUCCESS,165.15,1.09,66.4,2,2,1,-1.527,Soluble,High,High (CNS+),Moderate,False,True,0,0,True
O=C(O)NC(=O)c1ccccn1,C7H6N2O3,SUCCESS,166.14,0.49,79.29,2,3,1,-1.152,Soluble,High,High (CNS+),Low,False,False,0,0,True
O=C(O)NC(=O)c1cccnc1,C7H6N2O3,SUCCESS,166.14,0.49,79.29,2,3,1,-1.152,Soluble,High,High (CNS+),Low,False,False,0,0,True
O=C(O)NCc1cccc2ccccc12,C12H11NO2,SUCCESS,201.22,2.61,49.33,2,1,2,-2.699,Soluble,High,High (CNS+),Moderate,False,True,0,0,True
O=C(O)NCc1ccccc1,C8H9NO2,SUCCESS,151.16,1.45,49.33,2,1,2,-1.67,Soluble,High,High (CNS+),Moderate,False,True,0,0,True
O=C(O)NCc1ccccn1,C7H8N2O2,SUCCESS,152.15,0.85,62.22,2,2,2,-1.295,Soluble,High,High (CNS+),Low,False,False,0,0,True
O=C(O)NCc1cccnc1,C7H8N2O2,SUCCESS,152.15,0.85,62.22,2,2,2,-1.295,Soluble,High,High (CNS+),Low,False,False,0,0,True
O=C(O)Nc1cccc2ccccc12,C11H9NO2,SUCCESS,187.2,2.93,49.33,2,1,1,-2.805,Soluble,High,High (CNS+),Moderate,True,False,0,0,True
O=C(O)Nc1ccccc1,C7H7NO2,SUCCESS,137.14,1.78,49.33,2,1,1,-1.776,Soluble,High,High (CNS+),Moderate,True,False,0,0,True
O=C(O)Nc1ccccn1,C6H6N2O2,SUCCESS,138.13,1.17,62.22,2,2,1,-1.401,Soluble,High,High (CNS+),Low,False,False,0,0,True
O=C(O)Nc1cccnc1,C6H6N2O2,SUCCESS,138.13,1.17,62.22,2,2,1,-1.401,Soluble,High,High (CNS+),Low,False,False,0,0,True
O=C(O)OC(=O)c1cccc2ccccc12,C12H8O4,SUCCESS,216.19,2.67,63.6,1,3,1,-2.83,Soluble,High,High (CNS+),Moderate,False,False,0,1,True
O=C(O)OC(=O)c1ccccc1,C8H6O4,SUCCESS,166.13,1.52,63.6,1,3,1,-1.802,Soluble,High,High (CNS+),Moderate,False,False,0,1,True
O=C(O)OC(=O)c1ccccn1,C7H5NO4,SUCCESS,167.12,0.92,76.49,1,4,1,-1.427,Soluble,High,High (CNS+),Moderate,False,False,0,1,True
O=C(O)OC(=O)c1cccnc1,C7H5NO4,SUCCESS,167.12,0.92,76.49,1,4,1,-1.427,Soluble,High,High (CNS+),Moderate,False,False,0,1,True
O=C(O)OCCc1cccc2ccccc12,C13H12O3,SUCCESS,216.24,3.08,46.53,1,2,3,-3.097,Moderately Soluble,High,High (CNS+),Low,False,False,0,0,True
O=C(O)OCCc1ccccc1,C9H10O3,SUCCESS,166.18,1.92,46.53,1,2,3,-2.068,Soluble,High,High (CNS+),Low,False,False,0,0,True
O=C(O)OCCc1ccccn1,C8H9NO3,SUCCESS,167.16,1.32,59.42,1,3,3,-1.693,Soluble,High,High (CNS+),Low,False,False,0,0,True
O=C(O)OCCc1cccnc1,C8H9NO3,SUCCESS,167.16,1.32,59.42,1,3,3,-1.693,Soluble,High,High (CNS+),Low,False,False,0,0,True
O=C(O)Sc1cccc2ccccc12,C11H8O2S,SUCCESS,204.25,3.61,37.3,1,2,1,-3.34,Moderately Soluble,High,High (CNS+),Moderate,False,False,0,1,True
O=C(O)Sc1ccccc1,C7H6O2S,SUCCESS,154.19,2.46,37.3,1,2,1,-2.31,Soluble,High,High (CNS+),Moderate,False,False,0,1,True
O=C(O)Sc1ccccn1,C6H5NO2S,SUCCESS,155.18,1.85,50.19,1,3,1,-1.935,Soluble,High,High (CNS+),Moderate,False,False,0,1,True
O=C(O)Sc1cccnc1,C6H5NO2S,SUCCESS,155.18,1.85,50.19,1,3,1,-1.935,Soluble,High,High (CNS+),Moderate,False,False,0,1,True
O=C(O)c1cccc2ccccc12,C11H8O2,SUCCESS,172.18,2.54,37.3,1,1,1,-2.462,Soluble,High,High (CNS+),Low,False,False,0,0,True
O=C(O)c1ccccc1,C7H6O2,SUCCESS,122.12,1.38,37.3,1,1,1,-1.432,Soluble,High,High (CNS+),Low,False,False,0,0,True
O=C(O)c1ccccn1,C6H5NO2,SUCCESS,123.11,0.78,50.19,1,2,1,-1.057,Soluble,High,High (CNS+),Low,False,False,0,0,True
O=C(O)c1cccnc1,C6H5NO2,SUCCESS,123.11,0.78,50.19,1,2,1,-1.057,Soluble,High,High (CNS+),Low,False,False,0,0,True
O=C(OO)c1cccc2ccccc12,C11H8O3,SUCCESS,188.18,2.47,46.53,1,3,1,-2.522,Soluble,High,High (CNS+),High,False,False,0,2,True
O=C(OO)c1ccccc1,C7H6O3,SUCCESS,138.12,1.32,46.53,1,3,1,-1.492,Soluble,High,High (CNS+),High,False,False,0,2,True
O=C(OO)c1ccccn1,C6H5NO3,SUCCESS,139.11,0.71,59.42,1,4,1,-1.117,Soluble,High,High (CNS+),High,False,False,0,2,True
O=C(OO)c1cccnc1,C6H5NO3,SUCCESS,139.11,0.71,59.42,1,4,1,-1.117,Soluble,High,High (CNS+),High,False,False,0,2,True
OCCCc1cccc2ccccc12,C13H14O,SUCCESS,186.25,2.76,20.23,1,1,3,-2.708,Soluble,High,High (CNS+),Low,False,False,0,0,True
OCCCc1ccccc1,C9H12O,SUCCESS,136.19,1.61,20.23,1,1,3,-1.679,Soluble,High,High (CNS+),Low,False,False,0,0,True
OCCCc1ccccn1,C8H11NO,SUCCESS,137.18,1.01,33.12,1,2,3,-1.304,Soluble,High,High (CNS+),Low,False,False,0,0,True
OCCCc1cccnc1,C8H11NO,SUCCESS,137.18,1.01,33.12,1,2,3,-1.304,Soluble,High,High (CNS+),Low,False,False,0,0,True
OCCc1cccc2ccccc12,C12H12O,SUCCESS,172.23,2.37,20.23,1,1,2,-2.366,Soluble,High,High (CNS+),Low,False,False,0,0,True
OCCc1ccccc1,C8H10O,SUCCESS,122.17,1.22,20.23,1,1,2,-1.336,Soluble,High,High (CNS+),Low,False,False,0,0,True
OCCc1ccccn1,C7H9NO,SUCCESS,123.15,0.62,33.12,1,2,2,-0.96,Highly Soluble,High,High (CNS+),Low,False,False,0,0,True
OCCc1cccnc1,C7H9NO,SUCCESS,123.15,0.62,33.12,1,2,2,-0.96,Highly Soluble,High,High (CNS+),Low,False,False,0,0,True
OCOc1cccc2ccccc12,C11H10O2,SUCCESS,174.2,2.17,29.46,1,2,2,-2.248,Soluble,High,High (CNS+),Moderate,False,False,0,1,True
OCOc1ccccc1,C7H8O2,SUCCESS,124.14,1.02,29.46,1,2,2,-1.218,Soluble,High,High (CNS+),Moderate,False,False,0,1,True
OCOc1ccccn1,C6H7NO2,SUCCESS,125.13,0.41,42.35,1,3,2,-0.843,Highly Soluble,High,High (CNS+),Moderate,False,False,0,1,True
OCOc1cccnc1,C6H7NO2,SUCCESS,125.13,0.41,42.35,1,3,2,-0.843,Highly Soluble,High,High (CNS+),Moderate,False,False,0,1,True
OCc1cccc2ccccc12,C11H10O,SUCCESS,158.2,2.33,20.23,1,1,1,-2.241,Soluble,High,High (CNS+),Low,False,False,0,0,True
OCc1ccccc1,C7H8O,SUCCESS,108.14,1.18,20.23,1,1,1,-1.21,Soluble,High,High (CNS+),Low,False,False,0,0,True
OCc1ccccn1,C6H7NO,SUCCESS,109.13,0.57,33.12,1,2,1,-0.835,Highly Soluble,High,High (CNS+),Low,False,False,0,0,True
OCc1cccnc1,C6H7NO,SUCCESS,109.13,0.57,33.12,1,2,1,-0.835,Highly Soluble,High,High (CNS+),Low,False,False,0,0,True
ONCc1cccc2ccccc12,C11H11NO,SUCCESS,173.21,2.32,32.26,2,2,2,-2.336,Soluble,High,High (CNS+),Moderate,False,True,0,1,True
ONCc1ccccc1,C7H9NO,SUCCESS,123.15,1.17,32.26,2,2,2,-1.306,Soluble,High,High (CNS+),Moderate,False,True,0,1,True
ONCc1ccccn1,C6H8N2O,SUCCESS,124.14,0.56,45.15,2,3,2,-0.931,Highly Soluble,High,High (CNS+),Moderate,False,False,0,1,True
ONCc1cccnc1,C6H8N2O,SUCCESS,124.14,0.56,45.15,2,3,2,-0.931,Highly Soluble,High,High (CNS+),Moderate,False,False,0,1,True
ONc1cccc2ccccc12,C10H9NO,SUCCESS,159.19,2.64,32.26,2,2,1,-2.442,Soluble,High,High (CNS+),Moderate,True,False,0,1,True
ONc1ccccc1,C6H7NO,SUCCESS,109.13,1.49,32.26,2,2,1,-1.411,Soluble,High,High (CNS+),Moderate,True,False,0,1,True
ONc1ccccn1,C5H6N2O,SUCCESS,110.12,0.88,45.15,2,3,1,-1.036,Soluble,High,High (CNS+),Moderate,False,False,0,1,True
ONc1cccnc1,C5H6N2O,SUCCESS,110.12,0.88,45.15,2,3,1,-1.036,Soluble,High,High (CNS+),Moderate,False,False,0,1,True
OOCCc1cccc2ccccc12,C12H12O2,SUCCESS,188.23,2.87,29.46,1,2,3,-2.788,Soluble,High,High (CNS+),High,False,False,0,2,True
OOCCc1ccccc1,C8H10O2,SUCCESS,138.17,1.72,29.46,1,2,3,-1.759,Soluble,High,High (CNS+),High,False,False,0,2,True
OOCCc1ccccn1,C7H9NO2,SUCCESS,139.15,1.11,42.35,1,3,3,-1.384,Soluble,High,High (CNS+),High,False,False,0,2,True
OOCCc1cccnc1,C7H9NO2,SUCCESS,139.15,1.11,42.35,1,3,3,-1.384,Soluble,High,High (CNS+),High,False,False,0,2,True
OSc1cccc2ccccc12,C10H8OS,SUCCESS,176.24,3.4,20.23,1,2,1,-3.029,Moderately Soluble,High,High (CNS+),Moderate,False,False,0,1,True
OSc1ccccc1,C6H6OS,SUCCESS,126.18,2.25,20.23,1,2,1,-1.998,Soluble,High,High (CNS+),Moderate,False,False,0,1,True
OSc1ccccn1,C5H5NOS,SUCCESS,127.17,1.65,33.12,1,3,1,-1.623,Soluble,High,High (CNS+),Moderate,False,False,0,1,True
OSc1cccnc1,C5H5NOS,SUCCESS,127.17,1.65,33.12,1,3,1,-1.623,Soluble,High,High (CNS+),Moderate,False,False,0,1,True
Sc1cccc2ccccc12,C10H8S,SUCCESS,160.24,3.13,0.0,1,1,0,-2.744,Soluble,High,High (CNS+),Moderate,False,False,0,1,True
Sc1ccccc1,C6H6S,SUCCESS,110.18,1.98,0.0,1,1,0,-1.711,Soluble,High,High (CNS+),Moderate,False,False,0,1,True
Sc1ccccn1,C5H5NS,SUCCESS,111.17,1.37,12.89,1,2,0,-1.336,Soluble,High,High (CNS+),Moderate,False,False,0,1,True
Sc1cccnc1,C5H5NS,SUCCESS,111.17,1.37,12.89,1,2,0,-1.336,Soluble,High,High (CNS+),Moderate,False,False,0,1,True
