Rank,Compound_ID,Standardized_SMILES,Predicted_Value,Probability,AD_Status,Screening_Pass,Screening_Reason,MW,LogP,HBD,HBA,RotB,TPSA,Leverage_h,Nearest_Similarity,Warning_Flags,Model_ID
1,BRAF_TEST_1086,O=C(O)Cc1cccc2ccccc12,10.67700000000002,,IN_DOMAIN,True,PASSED,186.06807956,2.466900000000001,1,1,2,37.3,0.2329989947183408,1.0,OK,Extra Trees
2,BRAF_TEST_0180,CSc1cccc2ccccc12,10.65999999999997,,IN_DOMAIN,True,PASSED,174.05032132,3.561700000000002,0,1,1,0.0,0.452769275208309,1.0,OK,Extra Trees
3,BRAF_TEST_0904,N#CCc1cccnc1,10.62550000000007,,IN_DOMAIN,True,PASSED,118.053098192,1.14768,0,2,1,36.68,0.1985151553982786,1.0,OK,Extra Trees
4,BRAF_TEST_0903,N#CCc1cccnc1,10.62550000000007,,IN_DOMAIN,True,PASSED,118.053098192,1.14768,0,2,1,36.68,0.1985151553982786,1.0,OK,Extra Trees
5,BRAF_TEST_0179,CSc1ccccn1,10.62300000000004,,IN_DOMAIN,True,PASSED,125.029920224,1.8035,0,2,1,12.89,0.4059296718889174,1.0,OK,Extra Trees
6,BRAF_TEST_0360,CCCSc1cccc2ccccc12,10.61900000000003,,IN_DOMAIN,True,PASSED,202.081621448,4.341900000000003,0,1,3,0.0,0.3252410213412458,1.0,OK,Extra Trees
7,BRAF_TEST_1083,O=C(O)Cc1cccnc1,10.58449999999996,,IN_DOMAIN,True,PASSED,137.047678464,0.7087000000000001,1,2,2,50.19,0.2766557231277845,1.0,OK,Extra Trees
8,BRAF_TEST_1084,O=C(O)Cc1cccnc1,10.58449999999996,,IN_DOMAIN,True,PASSED,137.047678464,0.7087000000000001,1,2,2,50.19,0.2766557231277845,1.0,OK,Extra Trees
9,BRAF_TEST_0359,CCCSc1ccccn1,10.58199999999999,,IN_DOMAIN,True,PASSED,153.061220352,2.5837,0,2,3,12.89,0.3148854645710432,1.0,OK,Extra Trees
10,BRAF_TEST_0178,CSc1cccnc1,10.56750000000007,,IN_DOMAIN,True,PASSED,125.029920224,1.8035,0,2,1,12.89,0.3981286693622227,1.0,OK,Extra Trees
11,BRAF_TEST_0177,CSc1cccnc1,10.56750000000007,,IN_DOMAIN,True,PASSED,125.029920224,1.8035,0,2,1,12.89,0.3981286693622227,1.0,OK,Extra Trees
12,BRAF_TEST_0901,N#CCc1ccccc1,10.55150000000003,,IN_DOMAIN,True,PASSED,117.057849224,1.75268,0,1,1,23.79,0.22952321540061,1.0,OK,Extra Trees
13,BRAF_TEST_0902,N#CCc1ccccc1,10.55150000000003,,IN_DOMAIN,True,PASSED,117.057849224,1.75268,0,1,1,23.79,0.22952321540061,1.0,OK,Extra Trees
14,BRAF_TEST_0720,NCCSc1cccc2ccccc12,10.53699999999995,,IN_DOMAIN,True,PASSED,203.076870416,2.890600000000001,1,2,3,26.02,0.3236395181538739,1.0,OK,Extra Trees
15,BRAF_TEST_0358,CCCSc1cccnc1,10.52649999999997,,IN_DOMAIN,True,PASSED,153.061220352,2.5837,0,2,3,12.89,0.2675661276172923,1.0,OK,Extra Trees
16,BRAF_TEST_0357,CCCSc1cccnc1,10.52649999999997,,IN_DOMAIN,True,PASSED,153.061220352,2.5837,0,2,3,12.89,0.2675661276172923,1.0,OK,Extra Trees
17,BRAF_TEST_1081,O=C(O)Cc1ccccc1,10.51049999999998,,IN_DOMAIN,True,PASSED,136.052429496,1.3137,1,1,2,37.3,0.2353035781637179,1.0,OK,Extra Trees
18,BRAF_TEST_1082,O=C(O)Cc1ccccc1,10.51049999999998,,IN_DOMAIN,True,PASSED,136.052429496,1.3137,1,1,2,37.3,0.2353035781637179,1.0,OK,Extra Trees
19,BRAF_TEST_0719,NCCSc1ccccn1,10.5,,IN_DOMAIN,True,PASSED,154.05646932,1.1324,1,3,3,38.91,0.3065899088718964,1.0,OK,Extra Trees
20,BRAF_TEST_1085,O=C(O)Cc1ccccn1,10.49844166666663,,IN_DOMAIN,True,PASSED,137.047678464,0.7087000000000001,1,2,2,50.19,0.3114944226610165,0.6785714285714286,OK,Extra Trees
21,BRAF_TEST_0900,COSc1cccc2ccccc12,10.49600000000006,,IN_DOMAIN,True,PASSED,190.04523594,3.493300000000001,0,2,2,9.23,0.4443420448903819,1.0,OK,Extra Trees
22,BRAF_TEST_0538,CNSc1cccnc1,10.48549999999992,,IN_DOMAIN,True,PASSED,140.040819256,1.3081,1,3,2,24.92,0.512125941901493,1.0,OK,Extra Trees
23,BRAF_TEST_0537,CNSc1cccnc1,10.48549999999992,,IN_DOMAIN,True,PASSED,140.040819256,1.3081,1,3,2,24.92,0.512125941901493,1.0,OK,Extra Trees
24,BRAF_TEST_0899,COSc1ccccn1,10.45899999999995,,IN_DOMAIN,True,PASSED,141.024834844,1.7351,0,3,2,22.12,0.4323213828706098,1.0,OK,Extra Trees
25,BRAF_TEST_1080,NC(=O)Sc1cccc2ccccc12,10.45499999999996,,IN_DOMAIN,True,PASSED,203.040484908,3.010600000000001,1,2,1,43.09,0.4022488601778967,1.0,OK,Extra Trees
26,BRAF_TEST_0356,CCCSc1ccccc1,10.45249999999998,,IN_DOMAIN,True,PASSED,152.065971384,3.188700000000002,0,1,3,0.0,0.3173340116251334,1.0,OK,Extra Trees
27,BRAF_TEST_0355,CCCSc1ccccc1,10.45249999999998,,IN_DOMAIN,True,PASSED,152.065971384,3.188700000000002,0,1,3,0.0,0.3173340116251334,1.0,OK,Extra Trees
28,BRAF_TEST_0896,COSc1ccccc1,10.44699166666667,,IN_DOMAIN,True,PASSED,140.029585876,2.340100000000001,0,2,2,9.23,0.4806554607498046,0.5384615384615384,OK,Extra Trees
29,BRAF_TEST_0895,COSc1ccccc1,10.44699166666667,,IN_DOMAIN,True,PASSED,140.029585876,2.340100000000001,0,2,2,9.23,0.4806554607498046,0.5384615384615384,OK,Extra Trees
30,BRAF_TEST_0717,NCCSc1cccnc1,10.44450000000003,,IN_DOMAIN,True,PASSED,154.05646932,1.1324,1,3,3,38.91,0.2771107640000354,1.0,OK,Extra Trees
31,BRAF_TEST_0718,NCCSc1cccnc1,10.44450000000003,,IN_DOMAIN,True,PASSED,154.05646932,1.1324,1,3,3,38.91,0.2771107640000354,1.0,OK,Extra Trees
32,BRAF_TEST_0174,COC(=O)c1cccc2ccccc12,10.43800000000007,,IN_DOMAIN,True,PASSED,186.06807956,2.626400000000001,0,2,1,26.3,0.2524818361075438,1.0,OK,Extra Trees
33,BRAF_TEST_0539,CNSc1ccccn1,10.42384333333331,,IN_DOMAIN,True,PASSED,140.040819256,1.3081,1,3,2,24.92,0.810465511732932,0.5769230769230769,OK,Extra Trees
34,BRAF_TEST_1079,NC(=O)Sc1ccccn1,10.41800000000001,,IN_DOMAIN,True,PASSED,154.020083812,1.2524,1,3,1,55.98,0.3954350889638971,1.0,OK,Extra Trees
35,BRAF_TEST_0716,NCCSc1ccccc1,10.41668166666667,,IN_DOMAIN,True,PASSED,153.061220352,1.7374,1,2,3,26.02,0.318688147411009,0.6363636363636364,OK,Extra Trees
36,BRAF_TEST_0715,NCCSc1ccccc1,10.41668166666667,,IN_DOMAIN,True,PASSED,153.061220352,1.7374,1,2,3,26.02,0.318688147411009,0.6363636363636364,OK,Extra Trees
37,BRAF_TEST_0536,CNSc1ccccc1,10.41150000000004,,IN_DOMAIN,True,PASSED,139.045570288,1.9131,1,2,2,12.03,0.5175433647045937,1.0,OK,Extra Trees
38,BRAF_TEST_0535,CNSc1ccccc1,10.41150000000004,,IN_DOMAIN,True,PASSED,139.045570288,1.9131,1,2,2,12.03,0.5175433647045937,1.0,OK,Extra Trees
39,BRAF_TEST_0898,COSc1cccnc1,10.40349999999993,,IN_DOMAIN,True,PASSED,141.024834844,1.7351,0,3,2,22.12,0.4187602998795587,1.0,OK,Extra Trees
40,BRAF_TEST_0897,COSc1cccnc1,10.40349999999993,,IN_DOMAIN,True,PASSED,141.024834844,1.7351,0,3,2,22.12,0.4187602998795587,1.0,OK,Extra Trees
41,BRAF_TEST_0173,COC(=O)c1ccccn1,10.40099999999996,,IN_DOMAIN,True,PASSED,137.047678464,0.8681999999999999,0,3,1,39.19,0.2657196370285372,1.0,OK,Extra Trees
42,BRAF_TEST_0354,CCCOC(=O)c1cccc2ccccc12,10.39699999999996,,IN_DOMAIN,True,PASSED,214.099379688,3.406600000000002,0,2,3,26.3,0.2295267965122005,1.0,OK,Extra Trees
43,BRAF_TEST_0540,CNSc1cccc2ccccc12,10.36395833333335,,IN_DOMAIN,True,PASSED,189.061220352,3.066300000000001,1,2,2,12.03,0.7125990187624165,0.5925925925925926,OK,Extra Trees
44,BRAF_TEST_1077,NC(=O)Sc1cccnc1,10.36250000000004,,IN_DOMAIN,True,PASSED,154.020083812,1.2524,1,3,1,55.98,0.3676986163604417,1.0,OK,Extra Trees
45,BRAF_TEST_1078,NC(=O)Sc1cccnc1,10.36250000000004,,IN_DOMAIN,True,PASSED,154.020083812,1.2524,1,3,1,55.98,0.3676986163604417,1.0,OK,Extra Trees
46,BRAF_TEST_0353,CCCOC(=O)c1ccccn1,10.36000000000001,,IN_DOMAIN,True,PASSED,165.078978592,1.6484,0,3,3,39.19,0.1987171643010954,1.0,OK,Extra Trees
47,BRAF_TEST_0534,CNOC(=O)c1cccc2ccccc12,10.35600000000007,,IN_DOMAIN,True,PASSED,201.078978592,2.131,1,3,2,38.33,0.3245184534075972,1.0,OK,Extra Trees
48,BRAF_TEST_0172,COC(=O)c1cccnc1,10.34549999999994,,IN_DOMAIN,True,PASSED,137.047678464,0.8681999999999999,0,3,1,39.19,0.229257968410408,1.0,OK,Extra Trees
49,BRAF_TEST_0171,COC(=O)c1cccnc1,10.34549999999994,,IN_DOMAIN,True,PASSED,137.047678464,0.8681999999999999,0,3,1,39.19,0.229257968410408,1.0,OK,Extra Trees
50,BRAF_TEST_0176,CSc1ccccc1,10.32611333333335,,IN_DOMAIN,True,PASSED,124.034671256,2.4085,0,1,1,0.0,0.5074956771100003,0.4782608695652174,OK,Extra Trees
